HMDB,Name,CR,CR,CR,CR,CR,CR,CR,CR,CR,CR,CR,TF,TF,TF,TF,TF,TF,TF
HMDB02329,Oxalate,0,0,0,0,0,0,0,0,0,0,0,0,0,0,0,0,0,0
HMDB00965,Hypotaurine,10243493.97,5117352.864,7320145.242,18739804.96,2352893.322,6717017.541,2784989.031,4106960.688,1309957.371,559739.037,6866598.363,4251576.981,2809435.254,3238952.793,1587520.782,9218776.377,1175970.855,4793370.285
HMDB00251,Taurine,492093394,500928680.9,497721110,528841207.5,218157346.9,341619717.6,681993673.5,334039627,453625653.5,722105466.4,249777693.2,292230623.2,330983884.9,169012456.2,946392866.2,884842052.4,228150859,185977756.5
NA,C3H4O2(3),0,0,0,0,0,0,0,0,0,0,0,0,0,0,0,0,0,0
HMDB00126,Glycerol-3-Phosphate,10319934.57,9020216.58,7164185.043,4874720.523,2146362.993,3137155.644,6845258.607,1301714.088,3089067.915,8744243.877,3232097.616,965732.274,1158751.005,3652319.943,3773008.494,4044933.156,546724.569,2858605.827
HMDB01721,Phospho-L-serine,0,0,0,0,0,0,0,0,24152.931,18489.276,15088.32,0,0,0,0,0,41060.343,0
HMDB06293,L-erythrulose,721269996.8,674824189.1,680189348.6,852881106.4,653780807.4,622560554.1,692698237,893103398.5,541077124.4,363197943.7,394718736.9,796538180.7,691709941.6,614074558.4,618420341.2,849249756.4,637623795.9,536296755.5
HMDB00943,L-threonate,445555939.3,574307885.3,519753495.4,364979432,425102422.2,349055032.4,833986792.9,239983400,228302943.8,374174488.5,299922619.2,459594867.7,218876934.3,411385421.2,379725243.4,486662014.1,296842882,464843843.1
HMDB01209,Allantoate,0,0,0,0,0,0,0,0,0,0,0,0,0,0,0,0,0,0
HMDB01321,D-Erythrose 4-phosphate,0,88983.24,75786.837,30582.63,0,0,0,0,88888.386,24946.623,94299.213,0,0,17085.276,401407.062,0,0,0
HMDB01511,N-phosphocreatinate,279117.957,72066.78,206067.96,115247.118,35345.211,42678.09,0,0,0,16235.973,0,0,154337.403,373920.507,0,0,0,0
HMDB00019,3-Methyl-2-Oxobutanoate,702539851.9,600176696.9,688944603.7,770113779.9,681543131.9,550225351,763663886.9,670834456.2,816079243.6,531582307.9,443051989.4,667671866.2,646565515.6,693392695.7,417863161.9,580688105.9,359326379.3,514447799.9
HMDB00754,beta-hydroxy-beta-methylbutyrate,183373034.9,125081111.2,129915384.4,197839678.2,177834122.7,152158644.8,266147097.5,107823676.2,217456935,229359494.6,209607502.8,159610560.9,134842052.7,462292160.3,126410116.6,106694725.4,357363772.4,160912669.1
HMDB00292,Xanthine,98698996.52,251235408.2,294744939.8,78357493.57,41805132.92,82707331.96,212832108.4,163007963.5,207403971.4,252978028.9,53760503.08,30041688.75,35627150.57,69920182.38,209358688,164222957.5,347213981.7,350522414.3
HMDB03349,(S)-dihydroorotate,495042.756,795039.537,930576.825,582417.423,810194.184,944654.823,417950.649,667765.752,318355.134,347402.952,666085.701,2358715.251,1015849.986,1529614.569,461330.007,633473.886,706606.425,445876.908
NA,"7,9-dihydro-1H-purine-2688(3H)-trione",1137126347,1203466409,1058289795,1039154059,694313851.1,757658032.5,2325697516,676270049.5,1072180848,929726136.2,220161079.4,1100218280,1308840741,1637038919,769661291.6,1026183997,1143899050,370514891.5
HMDB00828,N-Carbamoyl-L-aspartate,0,0,0,0,0,0,0,0,0,0,0,0,0,0,0,0,0,0
HMDB30097,5-Hydroxyisourate,77551260.85,89699945.33,104075723.9,95404520.87,99385331.52,86739525.61,130782323.4,60884465.12,82670011.34,76355130.17,35243595.02,109887247.9,126804502.9,139530161.2,75024693.64,77307124.42,76619527.19,38799844.56
HMDB01128,5-Phospho-beta-D-ribosylamine,0,0,0,0,0,0,0,0,0,0,0,0,0,0,0,0,0,0
HMDB00624,(R)-2-hydroxy-4-methylpentanoate,39109569.74,27076711.86,23664281.22,46455673.07,26758153.33,25333899.07,33734718.49,28625379.66,42729902.68,31802091.37,25926500.7,22256550.47,30780437.87,57353608.41,28942291.09,26907850.23,55677687.72,26450449.28
NA,4-nitrophenolate,10629204.88,8576477.706,9952157.238,11011566.6,8771008.284,10208704.27,8527618.569,8800349.826,9429081.087,11044073.51,11704507.21,11393522.39,9383662.608,8501795.664,9962766.786,9198156.102,10669501.44,10565265.68
HMDB02266,2-methylglutaconic acid,182026079.8,148603486.1,148077422.7,260071825.9,153307569.7,152341282.7,191604654.9,283859672.3,115149456.9,63922488.5,132215625.3,230853238.2,183355885.7,140754705.5,135145658.4,335845940.8,178412123.3,196979577
HMDB00448,adipic acid,11963938.94,11545882.61,11032523.16,11832100.46,10978136.56,12236583.43,12193068.22,11757786.76,9615547.158,11811270.6,8730656.976,11290789.58,10387995.38,12578486.41,9794038.191,11479978.75,12672821.24,9084116.34
HMDB00182,lysine,82812639.03,70563070.15,66276160.97,73766621.12,76280914.64,84396658.5,91397039.62,91181908.33,75674487.84,62990919.06,79982501.83,51880069.14,89919756.87,92434718.03,90752880.03,82214460.47,87150082.93,65896651.85
HMDB01241,2-aminomuconate,1495467.09,2224950.639,1683285.354,1281964.557,1958054.484,1747765.542,2061571.566,1632675.042,1755071.394,1645885.773,1975990.326,1794696.603,1500309.129,1853485.173,1906237.437,790153.596,2119377.627,1733628.642
HMDB00225,Oxoadipate,10653423.11,8968988.787,8677011.525,12782862.26,7470132.408,8502864.897,9686708.949,14566028.32,7851157.686,7176600.804,8629574.349,12039337.97,8460971.952,7830192.609,8966959.869,15079620.4,11052670.17,11883427.31
HMDB00450,erythro-5-hydroxy-L-lysinium,0,0,0,0,0,0,0,0,0,0,0,0,0,0,0,0,0,0
HMDB00517,arginine,48325543.75,30572059.78,56335528.36,95311193.89,77093969.58,71890630.93,44920426.16,48370771.3,31766104.65,35910430.49,57949254.75,36711608.96,83553839.6,56376565.4,55669936.5,49831217.58,33666971.03,113667191.4
HMDB03974,oxalatosuccinate,0,0,0,0,0,0,0,0,0,0,0,0,0,0,0,0,0,0
na,4-Nitrophenyl sulfate,0,0,0,0,0,0,0,0,0,0,0,0,0,0,0,0,0,0
HMDB01265,L-Fucose 1-phosphate,0,0,16885.791,19859.463,10559.484,0,0,0,0,178468.602,116384.139,0,0,0,33835.23,0,20954.115,0
HMDB01254,D-Glucosamine 6-phosphate,377944.809,499529.076,308461.851,391734.681,204892.092,231870.69,712529.574,313677.285,498648.813,679692.636,263022.339,263319.48,301331.526,243412.299,411003.96,936070.89,230957.775,455658.918
HMDB01316,6-Phosphogluconic acid,0,0,0,0,0,0,0,0,0,0,0,0,0,0,0,0,0,0
HMDB00500,4-hydroxybenzoate/Gentisate aldehyde,26050440.73,13174064.25,9722464.293,557988345.5,20072001.07,9557142.69,13685080.14,38821057.59,25703750.2,19077894.14,8273644.794,14102813.78,941283812.5,21778507.5,28802875.98,50199597.88,15647783.3,35733840.87
HMDB01476,3-hydroxyanthranilate,1000840.422,1411554.282,885276.279,1023725.796,833604.381,1116941.514,1250557.323,1043497.836,1847328.429,1924376.712,1530997.317,1020730.044,849725.427,1233504.633,1346289.555,1281936.567,1649447.664,1453904.229
HMDB00232,quinolinate,12715609.11,24587753.48,12812061.84,11930702.01,14019257.51,11045749.76,52521060.36,17621507.1,7896523.113,6271347.564,9041018.052,14547278.82,14695364.24,19229995.2,15395971.68,18181949.41,9752478.84,10273880.66
HMDB06488,2-acetamido-5-oxopentanoate,0,0,0,0,0,0,0,0,0,0,0,0,0,0,0,0,0,0
HMDB06357,(Z)-but-2-ene-123-tricarboxylate,1225371.111,686219.547,482809.965,48132.63,501152.187,938827.419,6245921.487,352267.263,1529923.341,2493267.462,223900.749,1258477.89,435349.59,862521.9,306656.319,153323.337,596676.393,1318887.177
HMDB01138,N-acetyl-L-glutamate,5928295.632,6327999.159,5869599.054,8886690.738,5770816.011,4277806.785,7263675.846,5494817.964,4672750.104,3665435.208,4244849.658,3600250.17,5684657.172,5437393.143,4414162.569,4294087.935,5681296.518,5020531.734
HMDB00099,L-cystathionine,641355.36,284473.266,232575.453,717660.6,200110.92,101759.64,2207455.596,0,90950.64,140168.892,38546.64,1009656.6,414215.997,671227.146,29235.24,0,0,613928.163
HMDB02022,N1-(5-Phospho-D-ribosyl)glycinamide,0,0,0,0,0,0,0,0,0,0,0,0,0,0,0,0,0,0
METPA0585,Sedoheptulose 7-phosphate,0,0,0,0,0,0,0,0,0,0,0,0,0,0,0,0,0,0
HMDB60274,"sedoheptulose 1,7-bisphosphate",0,0,0,0,0,0,0,0,0,0,0,0,0,0,0,0,0,0
HMDB00017,4-pyridoxate,12087761.62,54858597.9,8534726.424,1406590.041,5967011.694,7050004.455,12126638.08,62264430.15,31312203.42,1759884.45,3929475.225,14713073.98,6403224.951,5474183.79,4994156.172,12054857,9593861.421,7404858.273
HMDB60278,fructoseglycine,25422512.93,12242949.51,9962539.872,16616161.17,26222942.43,9440582.028,18695136.83,17213386.35,20706254.75,24775582.62,15133239.25,7656611.868,12090261.06,16786575.32,30760349.2,17235989.12,85997504.16,25981262.31
NA,Sulfate derivative of norepinephrine,32405.64,41686.917,32337.369,0,24547.842,10239.489,313629.684,55634.091,20066.202,23459.49,0,120823.032,0,53531.361,0,88879.08,35284.158,42657.702
METPA0491,N2-Formyl-N1-(5-phospho-D-ribosyl)glycinamide,0,0,0,0,0,0,16338.699,0,0,0,0,0,0,0,0,0,0,0
HMDB00847,nonanoate,34461973.17,33539106.69,36263759.1,39374453.16,26368766.13,46193889.15,35110267.11,33385216.41,35153281.62,50674189.5,47565554.7,39367606.17,32108355.15,40395570.9,43154073.42,36619804.92,53802453.03,31834277.07
HMDB05175,(4-hydroxy-3-methoxyphenyl)acetaldehyde,8194586.124,10249135.37,4833656.838,24181304.39,3711970.176,9215296.263,7024430.805,3876540.609,8509620.159,4997835.639,5023866.588,15976317.88,10068181.23,7124593.158,4350903.294,5156079.048,6599057.082,21526861.33
HMDB60287,4-hydroperoxy-2-nonenal,66783328.08,113842343.7,86802255.03,70974431.37,54025461.36,60598801.27,83050032.27,78903746.22,57861563,58624551.75,40852014.36,59659767.54,49193237.58,93421722.84,55398359.01,55351548.89,74565980.88,46361830.95
HMDB00784,Azelaic acid,18056241.66,22457863.94,23008149.75,22225039.32,20564395.94,16390725.26,16497908.72,19902073.43,21513562.53,33703773.29,13707214.61,16493965.45,15324241.19,17819215.64,18446314.51,25991495.75,24254039.02,18220161.51
HMDB00210,(R)-Pantothenate,3530877.582,4947250.716,2437939.242,64969.914,215270.4,6999384.072,4766324.151,8737600.587,0,19852.554,374381.79,3295490.244,5394247.941,6655913.604,1430764.14,1223275.668,0,1761313.461
HMDB00033,carnosine,0,0,0,0,0,0,0,0,0,0,0,0,0,0,0,0,0,0
NA,gama-L-glutamyl-L-alpha-aminobutyrate,784953.738,460643.82,486376.839,341785.947,461568.228,379604.163,369642.543,243752.574,256598.874,208992.27,655747.506,854515.488,438877.359,451859.487,229161.156,1371543.6,941647.179,306772.623
HMDB06790,Galactosylglycerol,3647529.438,1743118.32,1976109.021,3006686.367,1541677.323,3017884.704,3052782.666,2604329.934,2000449.5,2242812.168,1630917.27,3625930.413,2304111.288,2082752.379,1162608.303,4578109.584,2128542.675,18237851.85
NA,S-[2-carboxy-1-(1 H-imidazol-4-yl)ethyl]-L-cysteine,3686897.397,5436610.458,2910474.573,5947318.305,4012215.855,2971796.538,3058857.543,3030045.399,3216809.565,2990721.009,3729255.366,2753876.802,3837596.478,3412091.256,5181358.998,6629186.034,3693103.95,2529174.687
NA,N-acetyl-seryl-aspartate,273781.896,651214.38,507641.403,403645.884,183421.203,304294.974,912185.94,678979.671,496788.249,725933.241,343328.49,395937.918,87035.502,317960.88,631791.744,1454124.264,404820.318,516379.5
HMDB00425,3-Deoxy-D-glycero-D-galacto-2-nonulosonic acid,17384911.4,15155235.15,16211373.37,22231050.05,21444907.87,13320761.15,21001478.7,27293969.63,31132366.27,42045036.34,21925453.47,25362926.46,17382233.56,13274152.19,15792407.6,27952490.66,17003859.76,29938820.77
NA,2-keto-3-deoxy-D-glycero-D-galactononic acid 9-phosphate,0,0,0,0,0,0,0,0,37023.597,39123.396,0,0,0,0,0,14317.602,0,0
HMDB04586,Perillic acid,74634917.41,71217698.54,38816647.35,93467212.25,44273026.52,61991094.66,49406267.72,35990695.2,91870547.78,67015923.05,112517424.2,73613592.62,78488454.29,64348200.89,86636486.54,46621141.14,65978867.51,26846122.86
NA,"trans-4,5-epoxy-2(E)-decenal",21010002.5,15925654.66,14650842.14,25743109.4,11985628.45,18636544.42,7905233.322,11061754.82,18408231.08,23195264.84,15018104.48,9461477.148,28694118.27,13045761.17,16516781.32,10506106.12,30888510.64,11326673.45
HMDB00511,caprate,124775553.4,95839974.8,79710392.03,102639501.6,61504036.02,82897283.74,56949639.84,55435263.95,113246018.7,62534708.7,45452980.42,47781527.78,86584509.07,46043993.7,52311119.75,112238933.9,60835683.45,133382421.9
HMDB02203,w-hydroxydecanoicacid,21167076.92,28588822.26,36069347.76,45885507.2,13540307.24,19446809.56,25204059.27,23567781.63,17599142.22,31432501.01,13337777.27,14857508.99,58750425.71,25603202.48,34347498.19,13118795.42,36001781.49,9386780.49
HMDB00715,kynurenate,1177243.413,2661715.482,1302059.745,1218976.122,1177189.815,1702813.23,3601813.785,1621953.582,1482726.66,2060709.447,1244557.803,6012296.478,1287319.473,3199014.153,710459.877,1634694.579,1947365.292,873013.731
HMDB00052,N(omega)-(L-Arginino)succinate,26175.942,0,47846.457,141715.143,78423.387,0,12935.808,15208.713,0,27350.271,22057.308,123502.962,28185.171,180722.805,36094.104,30725.052,11195.712,52182.78
HMDB06555,dIMP,99179.772,109978.086,88660.119,42751.44,71597.127,70423.422,286674.345,131967.342,132394.746,44785.896,208882.818,155008.515,68543.865,88765.56,52484.739,384450.366,252683.112,112328.769
HMDB00929,L-tryptophan,659922663.5,341175223,482240247.9,623272799,469525755,689702845.7,505444893.9,463274959.1,681328954.6,507414427.6,694766618.3,516422563.3,801136524,332267700.7,567403884.7,677299486.2,644266579.3,601921993.2
HMDB04096,5-Methoxyindoleacetate,16665895.45,13538807.96,10295666.41,18869062.96,8081995.449,13477941.13,31039986.88,6365110.173,10523295.63,12811763.9,13988256.05,22924255.83,20207620.22,14308843.58,8934849.573,15265015.97,11057291.66,15382365.55
HMDB28848,Glycyl-phenylalanine,169317.075,167209.755,627510.513,751851.597,866027.82,994674.273,27499.095,114983.586,91632.873,13548.015,154967.373,173650.032,613499.142,271594.965,244157.583,293593.338,341436.99,103153.347
HMDB00638,Laurate,212555660.3,369463196.6,107824258.5,148664624.3,77157162.66,167514907.9,79070748.11,91242666.16,183378634.1,93718862.4,71436028.41,194225273.6,97289401.98,195284390.8,102039673.3,497007338.6,173229261.8,181418342.8
NA,Omega-Hydroxydodecanoate ,4641762.351,7153623.627,8999389.728,7504332.402,2497842.225,4500949.659,9438173.091,11825997.02,7285564.362,8864122.632,2783587.707,3464288.046,9978279.312,7831421.871,9095858.208,2627707.614,6124122.393,1465847.649
HMDB00623,Dodecanedioic acid,2945938.827,3947711.523,3894556.644,3687508.614,2316668.472,3109696.656,1851623.826,1447086.486,2164816.098,2560353.981,1792262.037,1619701.98,3650173.56,2096528.904,2791081.383,3144212.511,3970205.211,1349639.559
NA,fructosyllysine,0,0,0,0,0,0,0,0,0,0,0,0,0,0,0,0,0,0
NA,tetradecenoate (n-C14:1),107665715.4,150143734.9,70521735.16,47848798.21,88181233.25,68922302.92,95286419.81,93368269.71,109212050.2,44927897.83,27038767.27,77276685.31,57958730.27,85961542.27,53489741,31752751.29,45329156.65,111075484.3
HMDB00806,myristate,1066607236,1264350511,706727266.9,781076001.2,731009048.2,819177806.3,814928891,850465122.9,985619154.7,792741398,654667374.5,962751216.6,764668914.5,672007817.2,734830402.2,824052246.7,1007627161,1158291529
NA,6(S)-hydroxy-tetradeca-2E4E8Z-trienoate/6(R)-hydroxy-tetradeca-2E4E8Z-trienoate,5337694.377,7334203.383,4696812.738,7203971.982,2763008.652,5396240.811,2253320.28,2077437.27,5108723.634,4490476.686,4537765.476,2209529.334,7769979.801,4754989.929,4807608.957,1669590.246,5267557.824,57001.254
NA,Omega Hydroxy Tetradecanoate,4072503.525,7498531.653,3331909.716,3331938.285,1559768.868,2884150.296,3211032.399,4259154.561,3781261.056,2827793.544,1809876.279,1325979,3259387.404,3482520.9,2481740.832,950643.36,2935885.749,1854941.514
NA,3(S)6(R)-dihydroxy-tetradec-8Z-enoate/3(S)6(S)-dihydroxy-tetradec-8Z-enoate,3334266.567,3044399.298,3886332.105,2678317.701,1729672.653,3954198.564,1525697.82,1531797.195,2602594.509,1808011.263,2120441.871,1881920.913,3059204.388,1560055.608,1848640.722,1393346.355,2821206.438,1616531.739
HMDB00826,pentadecanoate,87648597.68,113071902.8,53366073.29,52415397.95,49589209.1,68864727.04,55007806.8,70840496.35,99541451.99,59017080.12,30852507.09,62710054.35,57529643.87,51534497.01,39425844.26,59691472.25,46241060.83,108880074.1
HMDB03229,palmitoleate,924486410.7,1801722662,992030709,467132841,757729936.6,486785440.5,1572654924,1075904434,1087450349,412897942.4,306048811.6,684214339.7,423790453.6,822786892,351518473.7,458578460.6,485248002.1,1023061616
HMDB00220,Palmitate,4643520682,7239571698,3657737141,3230281799,2488040598,2467923260,4400865571,3592985933,5010104563,4073863797,2188613882,2726781124,2125727762,3904812819,1994535518,3143581306,2786328213,3856533776
HMDB06294,omega hydroxy hexadecanoate (n-C16:0),20687969.02,33774721.4,20313161.41,20146966.43,15309943.34,16710328.37,21646540.43,17238582.12,27189531.49,19994105.86,24859859.07,20740276.28,19520891.81,17015660.89,18082011.31,15130047.01,17788690.98,24019164.94
HMDB12515,11'-Carboxy-alpha-chromanol,681756.189,601499.904,858070.248,651133.647,461503.785,1856553.021,370335.39,414253.341,289679.25,2758359.039,563738.655,421574.109,853091.46,1605882.699,1424445.78,131160.933,12308282.2,823874.424
HMDB00672,Hexadecanedioic acid,5755279.191,6140896.557,2698666.425,2310116.142,2953320.699,3299324.478,2731015.17,3113304.201,4075956.801,1622572.74,2647570.41,3067234.188,4521592.779,2252484.702,2247379.203,1918976.001,2429366.865,3552533.994
HMDB02259,margarate,60400823.99,115260726.9,47176562.65,54848742.29,44161722.28,51214103.27,51776848.39,57080421.74,79757355.71,47103727.86,29206516.57,57344235.05,42297239.3,45882901.65,35384695.9,50532120.86,52099443.82,69200709.25
HMDB00827,stearate,365312557.9,1039201363,317872478.1,463775055.5,291127873.1,423626670.7,499771413.5,432910843.6,513219119,358915468.3,311108638.3,477161746.6,230168985.8,369473581.7,398920699.3,433703684.9,469296128.8,241874110.9
NA,"12,13-epoxy-9-hydroperoxy-10E-octadecenoate",1489110.471,684146.211,1821552.204,1029075.795,1052007.717,1720199.901,606110.043,1078891.434,1656684.315,1310279.019,3404895.147,745246.974,2054097.336,544324.617,1741325.565,575416.974,3099517.29,997871.586
HMDB01425,estrone 3-sulfate,0,0,0,0,0,0,0,0,0,0,0,0,0,0,0,0,0,0
HMDB02925,"8,11,14-Eicosatrienoic acid (DGLA)",86587888.33,108415165.8,100738796,62136809.4,53410756.49,65009090.88,82996573.43,61734945.92,114030632.7,87368098.31,53136920.2,63331856.39,35733576.82,50113562.15,44431444.53,64668472.17,90470115.95,148269555.2
HMDB02231,Eicosenoic acid,22531555.92,64227392.31,34958183.05,33887346.54,16030040.08,18992535.05,38489661.52,30790475.59,43288242.38,30387439.82,13777012.94,21265826.27,25438926.32,34615432.56,15530785.65,23291019.27,22317205.82,18333428.55
HMDB05045,15(S)-Hydroxyeicosatrienoic acid,763354.323,1712833.503,687601.725,718781.631,434621.283,1648631.79,655220.778,505720.047,1420337.751,363123.984,2157679.866,484164.792,762050.028,731717.067,1038733.281,640832.583,15320947.18,398092.974
HMDB06268,N-Acetylneuraminate 9-phosphate,0,0,0,0,0,0,0,0,0,0,0,0,0,0,0,0,0,0
NA,fructoselysine 3-phosphate,0,0,0,0,0,0,0,0,0,0,0,0,0,0,0,0,0,0
HMDB01066,(R)-S-lactoylglutathionate,0,0,0,0,0,0,0,0,0,0,0,0,0,0,0,0,0,0
HMDB01018,UDP-alpha-D-xylose,0,0,0,0,0,0,0,0,0,0,0,0,0,0,0,0,0,0
HMDB01178,ADP-ribose,0,0,0,0,0,0,0,0,0,0,0,0,0,0,0,0,0,0
HMDB00935,UDP-D-Glucuronate,0,0,0,0,0,0,0,0,0,0,0,0,16110.84,0,0,20739.888,0,0
HMDB01163,GDP-D-Mannose,0,0,0,0,0,0,0,0,0,0,0,0,11248.614,0,0,21449.142,0,0
NA,2-hydroxyamino-MeIQx-N2-(beta-1-glucosiduronyl)-2-hydroxyamino-3-8-dimethylimidazo[4-5-f]quinoxaline,0,0,0,0,0,0,0,21571.56,0,0,0,0,0,0,0,0,0,0
HMDB01487,NADH,0,0,0,0,0,0,0,0,0,0,0,0,0,0,0,0,0,0
HMDB00221,NADPH,0,0,0,0,0,0,0,0,0,0,0,0,0,0,0,0,0,0
NA,docosanedioicacid,358388.913,708946.362,303062.289,296150.907,166853.979,307267.659,52684.2,257922.087,412668.549,291704.292,1043461.392,77646.12,716318.619,107810.757,894671.304,175923.84,254493.96,196994.37
HMDB00761,lithocholate,0,0,0,0,0,0,0,0,0,0,0,0,0,0,0,0,0,0
HMDB00698,glycolithocholate,0,105208.209,333056.88,369263.814,42449.706,348127.392,0,40057.668,13698.945,236326.692,119065.329,22650.042,62037.957,46824.06,371979.558,464317.293,0,0
HMDB00637,glycochenodeoxycholate,48985630.22,22077446.29,124038918.7,41049131.56,25070684.29,31189493.69,2178430.485,19814178.76,23351144.89,76874574.23,58996373.31,25051042.45,48281322.61,8439412.278,16338086.7,17829657.44,35602909.69,133694558.4
HMDB00722,taurolithocholate,0,0,0,0,0,0,0,0,0,0,0,0,0,0,0,0,0,0
HMDB02639,sulfoglycolithocholate,7187.16,892333.308,2479966.488,2529611.448,228419.271,1386282.408,0,1171993.479,416784.891,949956.261,3204023.382,1165156.089,129574.815,5922584.931,1634742.396,5251757.637,52601.253,275451.783
HMDB00653,cholesterol sulfate,841142.493,61546.884,687173.202,164741.772,12500.1,0,0,58681.509,20088.738,375137.727,115359.522,0,69203.229,16427.856,0,20338.542,98431.29,684226.227
NA,13-carboxy-alpha-tocopherol,727603.188,414276.222,664440.258,855513.006,697711.647,437503.209,318480.369,820598.118,516550.467,1522278.576,2464557.942,1035027.906,976098.111,123717.24,2069563.047,467390.58,586784.784,1060019.031
HMDB11111,3-oxopropanoate,0,0,0,0,0,0,0,0,0,0,0,0,0,0,0,0,0,0
HMDB00691,Malonate/3-hydroxypyruvate,22365802.19,26247608.24,24166149.58,22344703.31,22065490.84,18564214.79,19018819.84,17121902.24,17064509.74,24558883.16,13156985.6,15185842.5,16210703.27,18129961.19,22562036.77,25442982.9,21831873.75,16632634.47
HMDB00139,D-glycerate,118260728,140588070.6,95675667.84,114179135.4,85849715.33,109192670.8,123252209.8,140120926.6,331845694.6,233974251.3,104960764.7,179080154,76783767.46,95707044.11,111498491.4,187610119.6,230577154.2,166278369.2
HMDB01270,"1,3-diphosphoglycerate /2,3-diphosphoglycerate /(1,3BPG or2,3BPG)",0,0,0,0,0,0,0,0,0,0,0,0,0,0,0,0,0,0
na,C4H6O3(3),459450703.4,424810685.6,404656445.8,601972926.9,393990990.4,371128685.8,467165349.6,706419579.2,315717288.5,199580350,290752880.2,465683053.5,437457541.1,363156596.4,389861838.9,674265373.4,394064731.9,471691552.2
na,C4H8O3(3),125109962.9,193086684.3,92695553.13,219297844.5,104811580.6,84981689.31,182994480.8,158361674.1,210172229.3,144315692.7,69773664.84,152045327.9,103889261.7,154795360.7,119834254.7,245295632.5,147021701.6,114941798.7
HMDB00076,"5,6-dihydrouracil/L-3-Cyanoalanine",11939848.39,12187849.22,13666511.4,12775370.35,12073874.54,16147078.02,12857038.94,13983534.42,13899335.89,17959896.82,15656089.83,11603589.67,12115575.02,17816712.96,15770984.03,13455209.95,15425175.56,17574141.44
HMDB00267,5-oxoproline/L-1-Pyrroline-3-hydroxy-5-carboxylate,617329003,690126795.8,410059216.7,464882911.6,301815102.9,509830068.4,608711037.8,654550034.8,1442664123,1173487414,716428229.1,378647406.4,329445690.6,407603585.6,881511414.2,960579030.1,1907779153,724866597.5
HMDB02092,itaconate/Mesaconate,32365697.62,45372555.27,42702268.31,46077162.13,42500728.37,73212770.56,48891109.65,38507307.32,85090931.58,38784030.28,24634512.08,38505847.57,78284564.92,46790507.81,46697309.69,114115492.4,37677730.69,34234593.75
HMDB06556,L-4-hydroxyglutamate semialdehyde,610285637.5,773531878.9,604168012.3,362064328.5,271905794.3,234134800.6,1159384307,1177872589,485502360,739757829.6,283725181.6,91982110.29,189055396.4,198435605.9,870653597.1,762234262,1643613015,897003497.4
NA,C5H10O5(6),97610597.65,77806489.65,80974044.69,138596141.7,77562345.56,84646959.74,112920243.2,177408437.8,56823239.27,31204435.75,62517811.67,118301569.5,92897570.47,78145975.64,71830389.87,168302650.4,89002960.16,104600196.4
NA,L-arabinitol/xylitol/D-ribitol,39391978.98,42481835.45,35226104.17,26835663.51,21660534.91,26153030.76,60955459.03,34420548.23,28806544.37,32038554.55,20707375.53,43769170.64,25967883.53,36367158.76,25040993.37,28968555.1,35368825.47,43622907.26
HMDB60256,L-xylonate/L-lyxonate,0,0,0,0,0,0,0,0,0,0,0,0,0,0,0,0,0,0
HMDB01031,2-deoxy-D-ribose 5-phosphate/2-Deoxy-D-ribose 1-phosphate,134009.298,338179.596,205566.264,303383.025,225227.88,135117.771,123879.108,520792.155,44002.881,17179.344,158309.37,278434.998,248538.057,95548.167,148418.562,327140.601,324478.242,121232.973
HMDB01548,ribose-phosphate,2352738.918,2620103.484,3603672.579,2176608.621,608449.026,1131495.39,2776064.892,611079.849,2414279.343,649454.994,8005190.103,1229207.175,877465.584,10084747.45,9134957.418,1670624.511,295489.002,1637967.711
HMDB00491,3-methyl-2-oxopentanoate/4-methyl-2-oxopentanoate(ketoleucine),3054635929,2146380226,2263343807,3475851549,2630238857,2479265265,2879255429,1453604885,2728836897,1534562620,1603095938,1892083208,2551844479,2585234362,1896834339,2031639814,1719109474,1541629462
HMDB00510,L-2-aminoadipate,30908085.89,38549694.22,28459876.48,26489569.81,27241508.54,21834353.87,71674083.47,27586181.82,29024416.32,27383491.3,22520063.39,48489102.92,24522596.08,44085378.02,30163244.84,34011816.31,29738935.22,28017063.35
HMDB00174,L-fucose/L-Fuculose,28304521.81,12966863.02,18638958.24,15458382.84,13785950.35,18835174.4,18595402.84,17767560.86,13029223.72,17981118.07,13814311.84,27203824.49,15689890.12,14508557.23,11416043.27,13118401.02,26588713.87,13943505.34
HMDB00854,N-Formimidoyl-L-glutamate,3487684.284,2277166.041,1989410.478,3170805.567,2926504.245,5395983.282,3233138.469,3315916.158,2844162.426,2457939.519,2783006.433,3436704.918,2854855.506,3018198.627,1948113.528,3116051.4,3114166.797,2714195.043
HMDB00812,N-acetyl-L-aspartate/2-Amino-3-oxoadipate,17368932.9,77450937.03,49903221.79,16713242.39,13275959.91,18419919.32,56186507.33,18084492.14,23261220.12,15992496.09,21158356.1,16816628.77,18364686.87,15012746.75,64230435.93,15751918.15,18579100.5,25276841.27
HMDB01385,3-Keto-beta-D-galactose/L-Gulonolactone,26258539.93,20833100.21,23953953.35,29836598.82,22309108.48,23452560.5,29150857.59,38173449.54,18751690.18,18861511.15,17214962.14,27573139.54,22602152.89,19913744.08,20724780.65,31386404.73,23138396.87,26565342.67
NA,C6H12O6(5),204531937.4,198294783.6,207445956.4,280204221.8,128777740.1,143246714.8,251610610.7,222854539.7,126114467.5,101786724.8,123772649.8,245487359.7,130986391.6,162364970.5,193608963.2,394795857.4,181639075.4,314071429.1
NA,L-Iditol/D-glucitol/galactitol,70055217.23,29222450.7,20238679.37,18574407.36,12136670.53,12975556.49,109167439.6,33812383.79,12240864.81,50363470.02,9509442.387,29202083.81,44177968.07,59095073.03,15370787.09,37692173.98,1404043377,32478098.98
HMDB06334,3-dehydro-L-gulonate/D-glucuronate/L-iduronate,32618757.49,114494537.1,26488223.72,26723043.21,14490563.19,21638206.53,53120676.82,36223842.58,15517982.54,14933111.67,24177823.84,56998361.91,26840613.45,70485039.91,16936272.06,35264712.63,25022392.56,39662448.39
HMDB03290,Gulonate,68991130.95,53151130.74,56111444.13,47970834.23,29424284.51,35348744.03,147737031,67724233.92,35480044.04,30257405.98,30510624.69,157055682.3,37012310.2,83683040.19,55690154.57,96643601.22,65739020.66,91533953.55
HMDB01299,5-Methylthio-5-deoxy-D-ribulose 1-phosphate/5-Methylthio-5-deoxy-D-ribose 1-phosphate,0,0,0,0,0,0,0,0,0,0,0,0,0,0,0,0,0,0
HMDB06471,Methylisocitric acid/2-methylcitrate,11968437.25,11670346.57,12113024.12,12216067.94,9119273.916,8591292.189,20689474.93,11509992.48,11262802.61,12952696.81,8166221.133,14025873.41,9305618.313,10946691.71,10576714.55,15570012.4,11621672.35,11849150.21
HMDB00209,phenylacetate/(4-hydroxyphenyl)acetaldehyde,6642374.841,6551051.811,7450829.556,9578329.071,6090897.744,7594479.993,6259835.844,7417128.561,7015477.26,7766865.345,8177706.39,6694512.852,6204406.674,6294893.625,6745999.155,8029175.385,9723843.621,8030965.824
HMDB00020,"4-Hydroxyphenylacetate/2-Hydroxyphenylacetate/3,4-Dihydroxyphenylacetaldehyde",2191617812,1224307010,465571308,1344538416,10734934718,4250132425,1224660891,2851348271,2880008236,1613523392,591426527,6068669489,1066393617,2552417817,4678108730,3904711165,2175064523,5479188624
HMDB04089,N-Formylanthranilate,6609739.098,5219774.481,5813389.35,5163553.749,5037097.989,6839320.731,8022311.562,4526169.642,8515079.475,12717777.19,7885231.8,9418593.924,5783558.514,8487952.449,6409052.925,15465028.42,10405853.9,7107370.839
HMDB04362,"4-hydroxy-2-nonenal/3,4-epoxynonanal",9391612.608,7903905.24,6990977.616,7417754.928,5421869.82,7141753.206,5896461.696,6200151.03,5646992.028,7470262.29,7749194.358,6873058.866,6619962.03,6137117.991,7548354.255,4703674.77,10375652.33,6485182.875
HMDB04077,"4,6-Dihydroxyquinoline/quinoline-4,8-diol",0,0,0,0,0,0,0,0,0,0,0,0,0,0,0,0,0,0
HMDB12884,adrenochrome/N-benzoylglycinate,16361225.99,18249397.42,6590478.273,65640160.08,58505241.89,60031667.51,16652553.95,11480684.69,94147133.64,6460546.947,18022493.06,81332288.12,45677402.73,70089456.99,46720416.77,31739481.77,18398540.16,18395149.9
HMDB03501,trans-caffeate/3-(4-hydroxyphenyl)pyruvate,2934220.905,2627802.609,2440084.509,3906620.28,2574126.363,5219890.101,3806340.978,2575550.712,1507957.521,1340670.507,1807162.392,3892964.238,7445633.649,1886187.537,2005747.005,3184090.404,973127.229,2772322.11
NA,4(R)-hydroxy-dodec-6Z-enoate/4(S)-hydroxy-dodec-6Z-enoate,8583637.197,14604892.29,17059537.61,14089364.22,5268661.131,6291628.779,12343845.78,13771591.95,9965259.807,11928943.08,6082963.206,6445014.6,12227133.8,11725417.23,11198189.99,4907380.47,11079484.19,3201354.714
NA,C14H24O3(4),3564593.928,5939367.591,10801496.51,6846971.49,1615061.181,3158449.113,5486944.611,6362765.922,4634159.694,6115507.479,2312939.394,2170397.739,7038657.024,5943799.035,6571741.527,911535.129,8601131.034,355578.171
NA,3-oxo-6(R)-hydroxy-tetradec-8-cis-enoate/3-oxo-6(S)-hydroxy-tetradec-8Z-enoate,3106515.39,1741035.825,3678770.844,2907880.818,1167758.607,3084403.161,1675765.005,1829400.621,2293136.523,1968417.669,1755493.974,1909629.102,3290877.057,3225878.805,2480744.046,1684368.249,2206122.609,1674440.457
NA,8(R)-hydroxy-hexadeca-2E4E6E10Z-tetraenoate/8(S)-hydroxy-hexadeca-2E4E6E10Z-tetraenoate,0,0,0,16890.606,0,17501.055,22453.353,0,12357.84,0,0,0,27169.974,15784.344,10314.24,0,14875.005,0
NA,C16H26O3(4),656078.712,131023.119,348781.644,759751.395,222164.883,487165.044,184775.217,359002.947,397125.93,381029.829,398080.362,144295.956,1469427.783,305067.744,553974.129,170807.331,583886.514,0
NA,3-oxo-8(R)-hydroxy-hexadeca-6E10Z-dienoate/3-oxo-8(S)-hydroxy-hexadeca-6E10Z-dienoate,2439740.847,542925.057,1203575.286,1549194.798,493874.01,3318739.776,288782.523,182369.508,1269701.235,1111412.067,3382360.794,1241209.635,4224940.884,750903.048,1567403.508,1066336.209,833361.27,215357.862
HMDB00673,linoleic acid/linoelaidic acid (all trans C18:2)/octadecadienoate (n-C18:2),4434395323,7814656853,4776210490,3910051109,2589365994,2303203345,3624127886,3339684088,6421713920,4376635284,2268022915,3072990365,2163041504,5417890577,2024629293,3641835343,3717875548,3211058723
HMDB00207,oleic acid/elaidate/trans-vaccenate,5945673952,12035247486,7091917249,5406768592,4164718975,3640237190,7833806387,5964275036,8635210232,5145897281,2810321510,4995543672,4382400548,7641724597,2828224426,4607933312,4607473710,5170950476
HMDB04701,9(10)-EpOME/12(13)-EpOME,19142409.17,23689418.13,18719396.76,18473910.16,7553104.284,14889457.08,10417054.89,11577021.05,18534792.36,16724489.26,18767744.14,7043904.741,13835792.38,10525006.17,7966548.978,8693120.163,85007620.86,13139352.93
HMDB04704,"9,10-Hydroxyoctadec-12-Enoate",34238967.4,52466084.95,34004454.16,19967484.62,22562647.51,15995101.18,36798349.91,27180784.15,32404637.63,17051127.67,16062426.35,16627220.18,16836434.76,19968401.98,12970197.07,16160284.3,17322277.31,24442815.72
HMDB00795,pristanic acid,682555.857,1759341.801,699686.376,1286604.825,488636.931,1089952.848,1058752.5,1029533.964,977470.008,683311.404,830654.679,947712.639,1161091.416,582839.433,803499.132,674147.112,1033479.057,237905.124
NA,C20H30O2(4),41289796.84,30252528.12,16185669.22,76937541.05,15203712.25,38452135.82,28029406.14,23618523.86,57423059.29,29434671.44,13504726.34,14302350.83,36118650.62,15307602.35,18843698.41,21031984.65,53192267.87,38451209.55
HMDB01043,arachidonic acid,347809177.4,519680597.2,280471917.5,298198349.5,224173868.7,304960308.5,489522143.5,366849930.3,653361088.8,596134838.2,245687671.6,296657937.4,190984240.1,267036268.9,267028888.7,402255740.3,447225651.3,583810578.7
HMDB00801,phytanic acid/arachidic acid,557271.762,2669207.04,433007.922,819467.745,564718.5,1180125.132,873641.052,759050.223,764420.34,788230.161,990036.27,950091.093,992002.161,800947.416,878459.154,1588762.302,2636132.304,275031.585
NA,C20H30O3(6),0,0,0,0,0,0,0,0,0,0,0,0,0,0,0,0,0,0
NA,C20H32O3(12),520254.669,1446673.14,384885.432,529857.024,242356.824,609831.624,479666.274,442429.428,775611.531,3056334.33,5505050.364,229047.255,198429.393,247351.044,1333956.924,124972.8,124147155.8,523600.47
NA,C20H30O4(18),6375549.018,807897.669,2954355.78,1589938.041,108550.062,5934177.669,415619.265,7081021.737,351931.185,592015.179,4506411.105,3924026.559,2753399.838,307397.913,803185.794,3850470.882,13132134.5,811108.908
NA,C20H32O4(21),575413.185,1119634.569,829087.368,1383634.185,50026.926,2528403.864,262863.24,1435497.069,397613.103,862196.775,3083422.644,773978.934,2144334.846,209081.094,1520641.362,1118808.096,45601040.27,745399.974
NA,C20H34O4(4),6591811.443,13662941.32,4430290.212,9687740.889,3867713.568,5898121.323,2770632.972,6138980.187,8918102.352,6133876.77,7085285.49,5565850.815,10598793.47,5528062.032,5693384.724,6516000.681,10785480.32,4305584.826
HMDB02183,docosahexaenoate(DHA),63442221.85,107323875,50551998.36,260115369.3,57967708.77,110581987.2,138141057.1,109062659.3,175646986,100365372.2,42751425.62,54945188.61,110229328.4,65799222.67,58988612.46,103150715.7,145041120.3,156704438.1
HMDB06528,"clupanodonic acid/docosa-4,7,10,13,16-pentaenoic acid",45913224.38,118204416.6,37952370.83,63552217.26,30292279.9,41206824.85,85109441.7,54556505.49,96784401.65,69925747.12,21495112.95,33391113.7,31410292.66,34403027.68,31865268.4,53671680.65,59045706.39,70752399.23
HMDB00286,UDP-D-glucose/UDP-D-galactose,0,0,0,0,0,0,0,0,0,0,0,0,0,0,0,0,0,0
HMDB06369,ADP-mannose/GDP-L-fucose/ADP alpha-D-glucoside,0,0,0,0,0,0,0,0,0,0,0,0,0,0,0,0,0,0
HMDB00290,UDP-N-acetyl-alpha-D-glucosamine/UDP-N-acetyl-alpha-D-galactosamine,0,0,0,0,0,0,0,0,0,0,0,0,0,0,0,0,0,0
HMDB00896,Taurodeoxycholic acid/taurochenodeoxycholate,10328303.35,13623990.14,16851648.04,54915060.2,2537020.641,10883761.64,2756710.176,27396101.87,3919074.45,16567466.85,14458184.8,38975429.63,12941208.67,3508697.925,1826935.008,2964639.537,16379324.16,63050732.86
na,C27H46O4(3),4439328.153,2587057.047,5186149.203,4303998.876,3938278.095,2169519.219,2633330.94,3914413.467,4917408.786,7577606.526,6635255.382,5089606.833,4193692.593,1676508.465,7210203.642,2019160.119,4441390.482,4530156.489
HMDB03873,3alpha-7alpha-12alpha-Trihydroxy-5beta-cholestanoate/3alpha-7alpha-12alpha-25-tetrahydroxy-5beta-cholestane-24-one,2166809.958,1339139.466,2132215.725,1769806.908,1638200.871,679259.952,711170.706,1886456.697,1622340.24,2998730.043,2393658.831,2133394.299,1437175.173,673990.479,3472295.58,766842.672,1780210.836,1839852.564
HMDB06225,Ercalcitriol,0,0,0,0,0,0,0,0,0,0,0,0,0,0,0,0,0,0
NA,4alpha-5-epoxy-8alpha-hydroperoxytocopherone/7-8-epoxy-8alpha-hydroperoxytocopherone,524222.253,283091.382,809721.54,520475.682,387257.481,117721.824,101435.865,583569.201,539891.028,1142020.428,634631.814,605894.22,470015.769,353208.225,1276199.091,465896.535,506212.038,695161.845
HMDB00172,L-isoleucine/L-leucine,3475445708,2132502621,1922068738,4038987183,3111158040,3397755362,2657802731,1758028630,2998152493,2981732339,2054284603,2750882412,3080452169,2978139785,2674487408,3066445685,3495746210,2081043634
HMDB00257,thiosulfate,55908371.98,122725006.5,55088346.35,90062791.75,18782199.81,234687737.9,190125921.1,344198902.9,447962652.6,231351157.6,207281273.8,70042769.51,31542268.78,125953707,268614202.5,339137719.7,240197643.5,354399300
HMDB00250,Diphosphate,0,0,8194.32,12244.329,0,5924.52,6237.738,0,45595.062,104583.939,23547.549,16808.427,0,5576.76,0,30174.606,17911.698,0
HMDB01096,Carbamoyl phosphate,4289787.375,3961193.181,4123405.455,3530394.762,3248247.063,2502480.336,3325375.308,3603407.193,4291475.934,3841647.645,3814147.002,3355163.412,2690125.596,2539346.877,3528036.186,4211201.817,4260764.694,5293623.048
HMDB02757,L-cysteate,5684417.769,4819774.869,4535046.579,6211363.797,5239492.311,6062517.552,6067058.97,6935576.262,3558590.379,3571522.641,6408280.353,9601028.487,5619311.496,6173086.356,7731953.133,6650810.676,2335508.205,4812851.607
HMDB03976,D-Glucuronate 1-phosphate,0,0,0,0,0,0,0,0,0,32667.531,0,0,0,0,0,0,0,0
NA,N-acetyl-L-cystathionine,335663.811,31855.356,107517.033,143464.164,106077.348,73103.121,210788.463,59016.555,0,0,119778.039,985370.328,61568.226,71169.111,0,93473.052,326936.295,23456.277
HMDB12881,acetylcarnosine,2097909.81,1274579.493,1935192.135,1857124.896,1125083.352,3260478.753,687904.245,1479627.762,1808109.453,1621778.676,1047804.525,3588471.42,2259728.769,8171303.607,1325577.054,1995117.594,1654584.735,1448124.9
HMDB00998,dCTP,0,0,0,0,0,0,0,0,0,0,0,0,11319.744,0,0,0,0,0
HMDB00148,L-glutamate,602043982.9,761839940.7,594659767.7,356538471.7,266752618,229930845.3,1136739130,1157292872,477834319.6,727753927.9,279633057.5,89534190.3,185123860.7,194043402.3,856418762.4,751951634.3,1618304334,883863957.8
HMDB00211,myo-inositol,156345184.1,161600044,172384788.4,208389747.3,93615278.91,105915961.1,210029426.5,154418892.9,91293476.64,82150361.2,85088962.56,168478411.8,89928461.4,121734387.2,162745686,279657696.3,130315013.2,230021147.8
HMDB00300,uracil,13752379.52,27577326.98,13164035.96,15790651.32,11715660.16,12499448.81,18339348.85,11792139.33,12980121.52,24293478.06,9130486.26,12077743.6,11211429.9,13446800.57,17165939.81,18815721.06,14780914.57,13109828.28
HMDB00191,aspartate,58480017.54,94849391.76,122308064.3,68475385.82,37429633.69,38088178.22,158105543.4,41339893.65,85002889.09,102830915.1,61327056.14,23517779.82,26140517.73,27805097.49,402388668.1,149286204.5,75201386.15,63120641.08
HMDB00939,S-Adenosyl-L-Homocysteine,94125.012,115536.936,93920.463,362003.469,77441.496,61545.891,171974.172,148222.974,27430.452,61027.647,170538.483,338054.379,117156.027,301339.038,45685.893,192522.432,193801.647,204282.108
HMDB00280, 5-O-phosphonato-alpha-D-ribofuranosyl diphosphate,0,0,0,0,0,0,0,0,0,0,0,0,0,0,0,0,0,0
HMDB00157, Hypoxanthine ,358120268.8,596789481.8,190168363.1,463988094,79833674.55,540501516,748693934.4,1522961533,1975319234,1207496542,1149298608,68105781.52,58638952.6,425781213.5,1584891039,1147069197,2141315698,1355689974
HMDB01517, 5-Amino-1-(5-Phospho-D-ribosyl)imidazole-4-carboxamide ,1963706.322,2128917.867,1095331.764,1278689.193,685490.796,1202320.158,1431050.64,1773705.753,5157356.577,1174559.031,6211051.236,2666607.201,744929.277,2508462.3,1230331.542,6623885.613,2605390.827,2065352.268
HMDB00175, IMP ,0,0,0,0,0,0,0,0,0,0,0,0,0,0,0,0,0,0
HMDB01397, GMP ,0,0,0,0,0,0,0,0,0,0,0,0,0,0,0,0,0,0
HMDB01201, GDP,0,0,0,0,0,0,0,0,0,0,0,0,0,0,0,0,0,0
HMDB01273, GTP,0,0,0,0,0,0,0,0,0,0,0,0,0,0,0,0,0,0
HMDB00045,AMP,344470.839,25721.28,279947.004,162915.831,9434.295,12373.92,14218.074,0,1826986.551,330190.404,31450.374,0,5101521.309,0,331570.092,8903891.655,27223.794,25660.206
HMDB01341,ADP,0,11397.555,0,0,0,0,0,0,99826.836,0,24874.2,0,0,0,0,16045.386,0,0
HMDB00538,ATP,0,0,0,0,0,0,0,0,59817.948,0,0,0,0,0,0,0,9258.054,0
HMDB00226, Orotate ,6243.939,0,0,0,0,0,8427.159,0,0,9264.48,0,0,0,0,0,0,0,0
HMDB00095, CMP ,178989.348,684287.463,776832.879,251931.783,58556.745,72757.194,526706.835,0,154561.35,166724.31,9845.667,8996.13,279961.194,67007.889,660495.387,785873.649,0,14387.724
HMDB01546, CDP,0,0,0,0,0,0,0,0,0,0,0,0,0,0,0,0,0,0
HMDB00082, CTP,0,0,0,0,0,0,0,0,0,0,0,0,0,0,0,0,0,0
HMDB00288, UMP,0,0,0,0,0,0,0,0,0,0,0,0,0,0,0,0,0,0
HMDB00295, UDP,0,0,0,0,0,0,0,0,0,0,0,0,0,0,0,0,0,0
HMDB00285, UTP,0,0,0,0,0,0,0,0,0,0,0,0,0,0,0,0,0,0
HMDB01000, dUDP,0,16336.125,0,0,0,0,18094.08,0,16259.373,0,0,0,0,12408.435,17773.17,0,0,0
HMDB00195, inosine ,40839715.7,14101294.03,18574184.24,51823305.9,5071518.648,163792168.6,42149790.69,247948050.3,212595732.7,5763349.644,591847307.2,1940206.884,29413563.18,52612085.95,178107357.8,70034294.8,513160640.9,493182716.6
HMDB00133, guanosine ,31117850.9,25242849.01,25757862.37,42347186.94,33842556.1,30400921.58,36735710.75,18817475.18,32573473.8,25512252.46,13976023.82,31807973.62,34872038.61,33719495,25158812.13,29147888.6,41571579.08,17114410.64
HMDB00089, cytidine ,345918.906,782543.202,1554038.325,165463.434,387050.802,2559545.364,1775376.264,864494.064,881851.155,96033.282,740081.682,1945275.186,683903.742,842825.79,378690.966,176731.146,16993.182,70374.486
HMDB00296, uridine ,14154655.37,40575655.01,15333236.94,12421242.25,6609543.903,6337056.966,41954323.88,12427945.57,16908652.58,23617207.87,12907331.06,10382612.65,4013145.459,8150812.512,33336644.94,23473180.52,22344744.14,3059364.459
HMDB00273, Thymidine ,0,0,0,0,0,0,0,0,0,0,0,0,0,0,0,0,0,0
HMDB00071, Deoxyinosine ,0,0,0,0,0,0,0,0,0,0,0,0,0,0,0,0,0,0
HMDB00012, Deoxyuridine ,0,0,0,0,0,0,0,0,0,0,0,0,0,0,0,0,0,0
HMDB03345,alpha-D-glucose,4128069048,3357636246,3359288350,5845825123,3418488388,3447544691,4170193834,6660369581,2512057082,1281947767,2799714609,5352009639,4109366822,3186608904,2919638843,7650186612,4068476998,4238167894
HMDB01401,G6P/F6P,2855743.026,16102659.14,8491704.504,5830736.862,2455584.558,1442967.348,8914892.169,2493747.876,11425213.98,6198060.003,2599633.491,728534.616,1122288.738,4524092.946,30755787.96,6711906.252,562011.54,1246381.32
HMDB60444,"beta-D-Fructose 1,6-bisphosphate",0,0,0,13457.814,7619.976,0,0,0,0,20624.76,0,0,0,0,0,0,0,9301.5
HMDB01473,Dihydroxyacetone phosphate,485916.258,468907.383,259840.971,235181.826,11880.84,13881.699,316695.762,0,34046.883,69723.354,50522.793,0,256873.308,424840.338,2482846.794,33873.489,0,0
HMDB00807,D-Glycerate 3-phosphate/D-Glycerate 2-phosphate,832404.975,722565.681,788359.674,710232.855,577695.696,539500.653,992771.628,1257021.57,1299759.888,849498.678,1049928.675,486635.913,561383.163,516751.827,1170140.853,826388.484,1348909.932,876254.502
HMDB00263,Phosphoenolpyruvate,187479.336,674694.141,158185.116,144983.034,74149.803,14211.639,204392.391,10158.759,271226.37,98372.922,18485.649,197201.598,101950.338,256266.96,517515.39,405400.314,117841.167,40529.964
HMDB00243,pyruvate,190685977.3,429444048.2,205696492.3,197814845,226129973.2,131171666.3,451232518.2,319208568.5,329679477.3,846234873.8,169817427.8,374323716.2,262535421.6,196594767.9,287098097.5,247063427.7,120507617.8,233157001.9
HMDB00190,lactate,23592272389,24190367639,10571298396,25470309798,9723482617,15430540423,25140386455,26931394080,42559899377,69042854760,21992466621,12770707646,13003838996,16818786839,29682099251,38412570534,56091974589,39131633261
HMDB00094,citrate/isocitrate,592013457.2,796876080.3,611350324.7,1085139581,512185333.6,288512334.3,468093479.4,390990200.7,599696397.3,488414447.5,308240082.1,328893480.5,362137126.1,676558786.1,922212360.7,475879751,566844311.9,344093359.2
HMDB00072,cis-aconitate,52331739.3,96985005.1,77662483.62,99961799.31,96117677.27,57776816.99,85722721.73,73602534.95,113099177.6,102438529,42388170.41,79984382.93,75305298.32,145012326.9,134929754.7,76538045.79,108364970.6,53279247.53
HMDB00208,2-oxoglutarate(2-),171008115.1,274248958.7,131316903.9,148509548.6,117089306.1,82535977.73,233576330.1,512093062.2,275887424.1,124381485.2,88536455.89,90915055.16,115511328.3,86909518.61,83503540.77,153582888,47220389.16,415553523.5
HMDB00254,succinate(2-),196048501.2,283992675.4,218745423.9,215741002.5,175004049.5,158404863.5,241080309.9,242018641.1,201251971.1,177345971.5,113751043.9,134794589,182170300.1,156030878.6,432115658.3,236890098.5,339386507.7,188965220.5
HMDB00134,fumarate,14638137.03,20889301.85,15021782.16,17767066.65,11116066.19,10570397.76,21819987.43,15362816.01,15715274.87,18298781.73,8627962.317,11377674.97,11482657.13,14059622.98,28084523.62,20934634.09,15974136.57,11869532.79
HMDB00156,malate(2-),126201504.5,257496090.5,135828268.7,178803058.9,78036964.04,81557278.56,240239789.3,131590292.9,187072246.3,199742840.7,81216249.36,69187395.61,86628679.13,118360169.8,319294372.2,234289787.7,168777961.1,116258092.6
HMDB00060,acetoacetate,65275315.37,75874865.34,60635292.06,60125611.42,55292434.12,54190058.44,58193247.25,58475811.41,55970105.19,42673046.28,36893053.95,57764082.98,53974692.41,55541532.84,50719536.68,62503511.33,48346562,40001435.3
HMDB00694,2-Hydroxyglutarate,59689410.4,63318834.12,58486241.65,78944398.54,51656711.16,679667581.3,88731403.15,48796084.86,709440514.2,98398522.04,38112101.17,41799555.06,717544998.7,45449072.41,53985343.89,1257090007,74017786.4,57393323.28
HMDB00883,Valine,1722324660,864814255.3,1058428191,1889983522,1488136601,1454326970,1291077198,900459997.9,1584887968,1369425500,977757051.7,1374471679,1221287127,1407405473,1045929734,1130438608,1711558738,1033994182
HMDB01409,dUMP,0,0,0,0,0,0,0,0,0,0,0,0,0,0,0,0,0,0
HMDB0122,dTMP,0,0,0,0,0,0,0,0,0,0,0,0,0,0,0,0,0,0
HMDB01342,dTTP,0,0,0,0,0,0,0,0,0,0,0,0,0,0,0,0,0,0
HMDB01532,dATP,0,0,0,0,0,0,0,0,0,0,0,0,0,0,0,0,0,0
HMDB00237,Propionic acid,0,0,0,0,0,0,0,0,0,0,0,0,0,0,0,0,0,0
HMDB00005,2-Ketobutyric acid,0,0,0,0,0,0,0,0,0,0,0,0,0,0,0,0,0,0
HMDB00008,2-Hydroxybutyric acid,1354091306,2804680892,999436159.3,2338098682,1226097558,881279618,2215575368,1310140091,1681405227,963935458,565107361,1722803489,1401946358,2063908475,963325749.5,1832691291,1112373639,963386091.6
HMDB03609,2-aminoacrylic acid,8169136.344,6864341.115,6537711.192,8492808.774,6563277.846,5576630.31,9694503.831,6455645.211,9106948.515,9495493.122,9221973.891,5225522.127,5291062.635,5642728.569,14123098.75,9216080.7,8579704.803,6558771.864
NA,N-Methylethanolamine phosphate,24697962.55,23166039.3,24264916.01,22354229.45,17162716.2,21101497.88,26896870.79,28892592.97,29055275,28741608.01,28821379.77,20314019.47,18667853.26,21669688.27,27169777.04,26506207.04,28221857.64,26669234.81
HMDB00562,creatinine,4249899519,4238495751,3364341892,3486953755,2687898753,3360994605,5849791977,4011085886,3518229748,3697317939,3508685440,5926343561,3245915174,5264078292,3812586880,3955181808,3724629043,3853294509
HMDB00064,creatine,672683901.7,478607728.4,384069639.2,697195519,1069846250,528381220.7,376419485.5,297361309.9,542277579.9,248803859,723248757,228452907.1,362614313.7,304554231.6,514113637.7,652932882,1030210121,363285573.5
HMDB60244,Phosphodimethylethanolamine,0,0,0,0,0,0,0,0,0,0,0,0,0,0,0,0,0,0
HMDB00079,"5,6-dihydrothymine",101324771.2,205141513.1,346271166,148244822.7,35748996.52,153697795.3,198513236.8,169550710.2,43251678.8,267968974,44329559.42,218507332.6,76267923.24,162625885.6,94281109.7,147798881,48290327.05,130792195.9
HMDB03224,2-deoxy-D-ribose,572834.16,587641.551,660202.992,559538.616,713716.56,714677.016,597212.703,509066.76,440525.025,622288.35,945947.403,609892.122,832308.897,471522.153,748429.056,725394.105,813594.792,726020.043
HMDB01553,2-keto-4-methylthiobutyrate,0,0,0,0,0,0,0,0,0,0,0,0,0,0,0,0,0,0
HMDB00078,L-cysteinylglycine,0,0,0,0,0,0,0,0,0,0,0,0,0,0,0,0,0,0
HMDB01565,choline phosphate,10156581.29,11858311.46,14798612.93,5550362.046,2440068.903,2186401.266,3417065.799,990749.778,3861069.36,4521589.515,2271612.213,1029235.968,6673369.101,4661020.44,6699390.021,8949262.512,758246.373,772940.451
HMDB01406,Nicotinamide,25267968.32,59054222.92,35947155.52,51997961.26,19748806.55,21607583.91,51787211.1,27857858.74,28200903.83,92666928.66,20386302.2,15910647.05,14975524.87,21234549.53,65639676.28,42421497.53,23213124.91,25251501.52
HMDB00301,Urocanate,7974316.899,5536256.487,4922697.891,4785885.306,6752046.477,7132727.994,3764400.087,9682111.419,3175006.437,6404396.523,6462660.12,4707775.959,6381437.898,4174538.892,7783283.748,3445315.683,5075898.375,4733395.926
HMDB02820,Methylimidazoleacetic acid,18771357.49,17415535.76,13536482.81,14596454.71,14598215.23,33654571.56,35884772.35,18089070.13,14580218.38,15135331.25,13353119.21,46913087.83,7750334.202,37676456.48,15846346.67,37060496.86,30369851.41,10745130.5
HMDB01014,4-Imidazolone-5-propanoate,2020793.451,1391129.127,1364141.991,1480104.528,812884.593,1325533.608,1830347.865,823896.141,1314152.766,2720480.505,1539437.298,3260160.807,482286.996,1511861.4,2547728.604,2728909.629,1640765.418,1458012.261
HMDB03459,D-Alanyl-D-alanine,8891936.319,5398085.877,5071184.955,10038062.06,6932673.51,7072065.126,3977115.135,9488022.393,5621505.372,6933811.965,7149586.875,5596770.504,8337944.427,4732460.001,6107734.209,5215888.65,6965737.62,5955034.068
NA,citr_L[e],205722778.2,114786799.4,123970929.9,233176210.3,130616644.7,128663577.4,101735172.9,98513428.33,159303789.8,88588667.89,101364239.1,163422754.8,103239906.1,183981901,86910706.97,93924846.49,136434701.6,107088522.2
HMDB01514,D-Glucosamine,6818790.051,5590820.616,5479409.187,10571965.19,6023510.439,5683318.884,7490062.659,11606740.61,6040686.558,3178059.855,5791942.806,10190899.5,6414615.939,6478992.474,5300967.408,18232565.54,19029224.82,8775819.267
HMDB01870,benzoate,10102756.82,9010913.565,7236454.164,13124317.24,8931096.705,8993139.681,7650697.68,9859722.591,12004025.69,6209526.651,8441478.426,9533633.013,11830080.09,8151081.159,7338135.207,11661293.44,12425359.14,9627373.143
HMDB01345,4-trimethylammoniobutanal,0,0,0,0,0,0,0,0,0,0,0,0,0,0,0,0,0,0
HMDB00699,1-methylnicotinamide,27737449.81,43840992.97,15613323.9,133459544,11770823.63,16079632.29,22114744.19,18165559.04,7701015.618,6436960.755,11005966.52,10195995.91,7230276.222,25345790.36,11366836.16,21795716.88,21960244.11,8877296.787
HMDB01123,anthranilate,72981173.14,10772817.05,116248985,34207481.69,10294931.49,111058883.6,84033755.44,70406981.17,9402956.517,9078243.195,13227561,246518256.4,107595971.8,7401298.602,14476787.47,108536584.7,98639679.25,21758706.57
HMDB03357,N(2)-acetyl-L-ornithine,8790433.02,6243937.266,9152662.602,2978977.047,6743460.021,9741747.807,11417184.2,4315886.964,4706484.447,5498842.62,3176343.363,5734406.985,8566354.074,9383061.711,3748695.663,5343949.965,7967558.493,10262553.57
HMDB12275,2-phenylethanamine,2608713.72,2594715.921,2705464.539,2867175.024,2800895.667,2616595.578,2572397.193,2809886.976,2461063.182,2599716.84,2459195.901,3033901.323,2500236.483,2731652.181,2611938.69,2504740.575,2714579.529,2718485.637
NA,dopaminochrome,0,0,0,0,0,0,0,0,0,0,0,0,0,0,0,0,0,0
HMDB01545,Pyridoxal,344745.06,683300.682,608210.79,415288.944,245915.37,477393.294,383806.368,1779050.295,545270.196,308108.001,556032.633,300593.373,739351.236,511096.785,1119752.799,987136.989,4169435.196,179503.209
HMDB00086,Glycero-3-Phosphocholine,308514713,246571483.1,221970043.9,155475547.4,103604628.4,125610634.7,130632685.9,80303762.08,173329165.3,275724130.1,189350267.2,67852121.87,107554355.7,90599606.14,132025617.1,146700551,80664056.74,162402231
HMDB01235,5-amino-1-(5-phospho-D-ribosyl)imidazole,333361.38,475239.936,193460.919,111040.875,69416.802,340854.963,236640.804,17967.456,2114524.809,569842.533,3257828.19,107404.479,236382.651,415775.649,359775.912,462567.3,104421.996,973716.249
HMDB01218,coumarin,3913176.681,3313205.769,2786429.553,5386903.935,3575085.936,3607566.243,3189578.535,4052823.516,4720987.257,2368504.407,3504711.3,3969647.397,4797887.082,3215471.637,3026827.569,4639643.907,4698937.764,3738561.642
HMDB01325,N6N6N6-Trimethyl-L-lysine,33401685.46,25330260.47,19543626.68,28758520.73,15462048.39,25352121.21,39510250.67,32919291.5,12960307.13,19121396.16,19618009.91,33183362.99,32238520.35,36258663.53,20781967.89,25157913.57,21053375.03,20664933.05
HMDB28691,L-Alanyl-L-leucine,8501714.673,20667830.91,5822932.995,12325934.48,9693921.621,10619597.78,51382586.47,13702549.2,9746455.854,10209371.32,9463403.061,23826423.77,4602887.331,18288671.78,9673781.229,8565583.761,20205800.9,13941261.96
HMDB01422,3-Hydroxy-N6N6N6-trimethyl-L-lysine,863945.367,971940.885,834264.219,1343267.562,433074.642,688496.088,4930000.362,1257941.238,436650.3,620580.075,323539.197,1405330.611,701538.963,1847388.525,881810.709,882810.543,728777.421,641010.576
NA,C9H13N5O3(4),0,0,0,0,0,0,0,0,0,0,0,0,0,0,0,0,0,0
HMDB29751,naphthalene,0,0,0,0,0,0,0,0,0,0,0,0,0,0,0,0,0,0
HMDB03647,perillyl aldehyde,594884.79,546495.363,773060.088,562121.496,514085.097,343405.938,357027.279,467324.208,0,719339.859,390632.328,660673.116,748751.187,383640.975,514853.235,411640.02,405891.789,400974.357
HMDB00259,serotonin,1967374.788,972879.48,1070291.685,964277.328,936196.035,1029076.359,919071.822,1054575.381,947551.062,3204764.412,857178.9,886773.594,1334512.257,1038850.884,1221270.111,1982715.816,856263.339,893064.675
HMDB00763,5-Hydroxyindoleacetate,3501109.074,5395620.825,3682336.41,3968518.218,2690923.668,2497199.649,5072035.224,2954237.568,1952593.593,2374510.266,3625294.653,4352138.739,3525841.257,3992275.575,3118232.22,4704414.372,3951364.935,2385646.578
HMDB60065,N-methyl-467-trihydroxy-1234-tetrahydroisoquinoline,135477.387,189949.653,288614.544,268782.204,173681.373,359533.863,365890.845,251493.255,88158.684,139304.997,122972.373,560786.514,121077.747,185419.719,75126.192,264491.874,163281.993,173604.885
HMDB00299,xanthosine,0,10701.96,662853.819,0,0,4821.453,53979.033,10604.493,0,0,6478.875,10549.512,3191.85,142404.99,0,0,79487.169,12086.64
HMDB00125,Glutathione,232529.805,409229.649,557511.402,893171.88,825852.417,306879.798,66522.456,62061.606,277812.87,138789.144,164562.765,256608.267,153578.202,282951.255,149395.998,260346.171,24375.312,28991.262
HMDB12897,beta-carboline,0,0,0,0,0,0,0,0,0,0,0,0,0,0,0,0,0,0
HMDB01896,5-methoxytryptophol,0,0,0,0,0,0,0,0,0,0,0,0,0,0,0,0,0,0
HMDB41876,"N1,N12-diacetylspermidine",832588.968,892101.594,941983.104,831929.787,506281.413,587340.465,1428940.809,744995.301,279750.378,492778.095,1027156.269,1397018.022,543081.198,717835.749,541886.538,1125067.425,1704319.497,732257.871
HMDB28959,lysyl-proline,0,0,0,0,0,0,0,0,0,0,0,0,0,0,0,0,0,0
HMDB00855,N-Ribosylnicotinamide,0,0,0,0,0,0,0,0,0,0,0,0,0,0,0,0,0,0
NA,Benzothiazine,1731271.686,0,0,0,0,0,1469980.881,270677.232,0,0,0,2549542.011,3270902.448,585778.752,0,891700.908,0,724727.13
HMDB01173,5-Methylthioadenosine,127642.275,131630.856,374679.414,20351.16,13702.104,11975.886,161096.136,36834.687,0,0,57635.664,333571.899,187344.525,22037.49,0,54489.255,145947.18,13673.556
HMDB00230,N-Acetylneuraminic acid,4667840.958,4129584.969,3668040.474,3530465.343,2264877.669,2813866.557,13410673.97,7894157.259,8713581.492,5344568.997,2973078.903,4723428.564,2990237.967,3749389.347,5989441.089,11609625.62,17175795.62,10892519.06
NA,NeuNGc,0,0,0,0,0,0,0,0,0,0,0,0,0,0,0,0,0,0
HMDB00235,thiamine,0,0,0,0,0,0,0,0,0,0,0,0,0,0,0,0,0,0
HMDB06868,Methylpropanoyl-dihydrolipoamide,4052417.724,2220435.495,4210777.425,5936991.96,8221306.323,4010744.304,3483145.158,4282982.289,5444661.42,5413429.638,2623928.823,4615010.565,4608404.178,6288763.968,5927708.571,8170360.47,13763889.25,10551499.73
HMDB12535,12S-HHT,0,0,0,0,0,0,0,0,0,0,0,0,0,0,0,0,0,0
NA,3(S)10(R)-OH-octadeca-6-trans-412-cis-trienoate,368407.812,146135.979,338994.468,282464.949,122341.815,361159.455,166890.126,239891.511,350556.015,331717.719,377501.55,339871.002,328029.306,338033.319,330760.581,151128.999,575045.88,179215.719
HMDB60067,CMP-2-aminoethylphosphonate,0,0,0,0,0,0,0,0,0,0,0,0,0,0,0,0,0,0
HMDB01564,CDP-ethanolamine,0,0,0,0,0,0,0,0,0,0,0,0,0,0,0,0,0,0
HMDB06880,Acetyl adenylate,0,0,0,0,0,0,0,0,0,0,0,0,0,0,0,0,0,0
HMDB00797,(S)-2-[5-Amino-1-(5-phospho-D-ribosyl)imidazole-4-carboxamido]succinate,0,0,0,0,0,0,0,0,0,0,0,0,0,0,0,0,0,0
HMDB06535,beta-1-4-mannose-N-acetylglucosamine,21238.884,76483.32,37967.13,0,35545.77,13203.216,549449.004,36326.511,0,41504.814,17155.404,111587.958,0,137258.523,0,95901.024,67465.314,112796.724
HMDB60072,CMP-N-trimethyl-2-aminoethylphosphonate,0,0,0,0,0,0,0,0,0,0,0,0,0,0,0,0,0,0
HMDB01413,CDPcholine,0,19917.612,59772.948,100082.868,0,0,0,0,0,0,0,0,92669.898,0,0,46154.235,0,0
NA,gama-glutamylglutathione,0,0,0,0,0,0,0,0,0,0,0,0,0,0,0,0,0,0
NA,5-S-glutathionyl-dopamine,0,0,0,0,0,0,0,0,0,0,0,0,0,0,0,0,0,0
HMDB03337,GSSG,0,0,0,88046.133,0,0,0,0,0,0,0,0,0,0,0,0,0,0
NA,CMP-N-acetyl-beta-neuraminate,0,0,0,0,0,0,0,0,0,0,0,0,0,0,0,0,0,0
HMDB00902,NAD+,0,0,0,0,0,0,0,0,0,0,0,0,0,0,0,0,0,0
HMDB00217,NADP+,0,0,0,0,0,0,0,0,0,0,0,0,0,0,0,0,0,0
HMDB00969,25-hydroxyvitamin D3-26-23-lactone,101560.188,41333.847,28390.92,120546.945,13925.007,20193.432,6652.92,13457.223,0,11094.642,89381.226,37738.356,50041.719,12202.515,11392.407,11926.527,31099.662,58837.761
HMDB60129,24-oxo-1alpha-23-25-trihydroxyvitamin D3,0,0,0,0,0,0,0,0,0,0,0,0,0,0,0,0,0,0
HMDB01248,Flavin adenine dinucleotide oxidized,0,0,0,0,0,0,0,0,0,0,0,0,0,0,0,0,0,0
HMDB12517,13-carboxy-gama-tocopherol,0,0,0,0,0,0,0,0,0,0,0,0,0,0,0,0,0,0
HMDB12560,13'-Hydroxy-alpha-tocotrienol,0,0,0,0,0,0,0,0,0,0,0,0,0,0,0,0,0,0
HMDB00054,bilirubin,19498536.53,15960504.7,12969889.72,14026116.78,10168080.2,11447608.58,22669635.83,17892671.84,30699749.11,13488436.04,13934387.51,27173132.73,18528353.02,24944661.89,6040835.877,14734983.48,2216477.184,8515658.553
NA,C4H9NO2(4),125674645.7,144816133.9,120329890.3,154362554.6,135327271,98378072.68,115342617.1,112203356.3,166855727.8,127778008.2,52332292.07,106321472.2,118980736,130607618.1,102336202,130953549.9,119911377.7,79585174.7
HMDB00026,Ureidopropionic acid/Glycyl-glycine,140304022,137257339.7,135922865.3,138011788.9,149839968.9,149828800,139103871.7,121542413.7,128796711.8,136557869.2,173466450.8,145766975.4,155324899.9,119319272.5,157373053.4,149588274.6,176940522.3,147400777.1
HMDB00870,histamine,0,0,0,0,0,0,0,0,0,0,0,0,0,0,0,0,0,0
HMDB12880,acetamidopropanal,2358144387,1970092544,2435313797,2454098897,2640794262,2183204960,2143502270,1530390829,3734564158,2766325234,2195451822,1869034976,2605055869,2065918476,2221149613,2626549436,3300774810,3800287845
HMDB00214,Ornithine,27717071.65,12971198.51,8322802.698,17941526.69,8062359.984,16356181.34,12841698.39,14186359.12,19022343.18,10584595.85,13603524.06,7511799.627,10382362.92,13658962.42,12576689.3,11559822.72,12719688.62,23290278.7
HMDB02031,3-Ureidoisobutyrate/Glycylsarcosine,2813334536,1362172755,1997562215,1974850603,2123128663,2074493056,1205805235,1185503979,1710695246,1554634018,1907233679,1362312428,2013959107,1761604450,1556882379,1315160793,943814621.3,1406106302
NA,C6H11NO3(4),24711258.73,14802337.96,19021069.12,23613047.39,12065753.51,17408847.26,20287476.79,16423199.87,19337185.13,14516217.3,15935353.29,11884692.05,13287423.02,10899634.91,15980688.53,19657384.29,28959339.11,23623350.49
HMDB59629,(R)-mevalonate,15993608.5,7173158.148,11554352.42,11514095.14,12226723.92,11938427.52,6756049.545,6622025.286,9773999.385,8840698.14,10790297.96,7730207.262,11653885.35,10201920.54,9003856.68,7166535.264,5085472.443,7862322.303
HMDB13076,spermidine dialdehyde-2,714286008.1,61675244.44,452521270.4,123772038.7,840205890.2,1407962899,233286952.3,354772482.6,180651134.7,1521927542,54572326.82,1433703018,121401273,336256475.4,156626669,44227129.99,195341462.4,6439397916
HMDB00895,acetylcholine/4-(trimethylammonio)butanoate,248577419.3,300483264.2,304899780.3,216646283.5,273615248.9,184546453.6,147024513.7,230183936.3,160965174.6,310915119.6,222435837.9,431344589.7,241780108.4,294771050.6,353365062.1,310339342.5,320454404,118855127.2
HMDB06009,isoputreanine/putreanine,19768976.89,8571890.514,20752642.05,6943016.286,3911763.15,15891483.59,26657001.64,5340904.839,4730366.421,2446237.053,4619592.531,11700180.47,18576086.4,16189286.02,4986263.19,8376603.003,12141922.11,2623019.748
HMDB00721,Glycylproline/L-Prolinylglycine,1874817.672,1332920.154,1922245.608,1967116.149,2551149.219,2491266.336,2951198.574,1493567.172,1584639.402,1270454.595,1300523.319,2171337.222,2135330.4,1592504.97,1140778.116,1161300.942,2010484.761,1256138.757
HMDB11745,N-Acetylmethionine,776935.047,2318850.972,440053.686,1250623.329,1071929.7,599615.34,713278.995,707276.976,945603.207,171602.64,739699.416,453221.442,434870.733,239785.572,176676.72,370300.557,1292372.808,119986.635
HMDB00239,Pyridoxine/Norepinephrine-1,510074.37,561099.057,846063.849,534523.194,147734.883,594999.993,472754.379,1539281.886,413955.744,849911.739,814964.94,311938.545,698953.932,924204.828,523701.369,634092.273,3242762.427,446542.125
HMDB00759,Glycylleucine,5324880.663,6631841.544,5576459.196,6352438.461,3415785.816,5620642.782,8904066.24,4367831.37,4209430.716,5251389.582,3116601.78,9462311.862,6403953.243,6211234.212,4951782.858,8218168.815,6269489.856,3782957.073
HMDB06248,gama-L-glutamyl-L-alanine/5-L-Glutamyl-L-alanine-1,87029.241,47932.449,151792.521,37007.856,41556.393,40441.971,262989.081,97660.728,46148.055,50380.545,50229.513,181926.141,29554.317,110735.331,91618.698,41406.24,151320.708,206065.341
NA,C9H8O3(3),27594605.93,24803855.51,20104155.75,37071053.21,25451750.33,24768696.56,21887569.54,27246473.68,33379980.22,17594595.77,23656037.54,26763618.15,33551755.53,22770145.82,19985025.38,32098581.69,33287358.99,26437714.31
HMDB00068,Adrenaline/L-Normetanephrine,436592.826,411142.14,448142.454,455925.834,266748.243,242303.088,519371.913,479924.844,431904.405,613881.303,313959.003,264657.042,368576.151,439856.574,372187.11,538925.139,754188.687,323598.309
HMDB06348,pseudoecgonine/ecgonine,30543246.89,27460228.14,25873413.59,26544284.17,27375913.35,18601856.28,18570426.71,13236307.02,20363803.39,18322126.09,22545355.7,26434518.23,20384633.28,15346090.44,23025554.23,24341636.45,33269911.21,13527611.55
HMDB03375,limonene/(+)-alpha-pinene,310333.311,123437.58,378696.408,286908.816,179853.897,176820.933,146589.39,148440.255,252615.66,528461.862,473869.047,365827.974,282543.513,190266.039,324536.589,225034.56,320338.362,217407.978
HMDB00197,indole-3-acetate/(5-hydroxyindol-3-yl)acetaldehyde,148202.151,200586.117,265151.268,531387.681,68837.301,101039.835,246545.313,190283.826,231149.628,285178.401,159431.634,132781.104,125120.25,181247.58,133207.167,143085.321,499172.343,81448.677
HMDB42012,(-)-Salsolinol/NN-dimethyldopaminequinone-1,36343.257,156653.436,293185.452,159213.897,47576.817,44925.543,15048,247360.962,22298.229,122357.526,1551178.395,145715.598,166198.566,98776.839,154433.58,337477.962,34448.52,27280.314
HMDB00881,Xanthurenic acid,0,0,0,0,0,0,0,0,0,0,0,0,0,0,0,0,0,0
HMDB00684,L-kynurenine/Formyl-5-hydroxykynurenamine,52868501.52,83876792.55,58088851.07,61290183.41,41580720.63,38257156.23,75708311.18,43125269.18,39379812.01,36019056.98,54389083.47,67942163.93,53200786.32,60611705.34,49257919.58,68226831.58,64102272.47,35788428.83
HMDB29738,Methyindole-3-Acetate,4234327.572,4666613.763,4396349.922,5129616.588,4107533.292,4706185.503,5544616.374,4185004.527,6135267.3,4167100.887,5097392.904,6866439.768,4578080.058,4673550.666,5148190.317,5609289.165,6513708.963,5201753.064
HMDB00252,sphingosine/(2S)-1-hydroxy-3-oxooctadecan-2-aminium,495380.64,878886.48,671093.436,987899.037,243150.9,335530.452,906709.461,524100.768,866498.313,499688.061,1587919.347,140492.226,145478.964,187870.677,920452.869,934604.736,720191.37,317659.515
NA,3-oxo-10(R)-hydroxy-octadeca-6E8E12Z-trienoate/3-oxo-10(S)-hydroxy-octadeca-6E8E12Z-trienoate,360097.797,152852.628,278414.196,226142.016,117219.399,237178.614,247633.296,273908.907,378301.329,500646.489,522117.036,288858.459,221418.636,411419.103,268060.482,416015.991,507800.049,266289.426
NA,C18H32O4(3),630597.597,257489.871,474445.758,398981.745,266597.793,600992.211,214765.191,680675.847,644295.624,801068.211,1751574.117,514233.498,653549.979,339589.38,375792.567,298538.697,686157.366,356702.661
NA,C20H28O(5),0,0,0,0,0,0,0,0,0,0,0,0,0,0,0,0,0,0
NA,C20H30O(4),0,0,0,0,0,0,0,0,0,0,0,0,0,0,0,0,0,0
NA,C20H28O2(7),76909.68,204737.694,40478.022,41780.817,7014.99,275478.855,566126.664,165120.006,504809.376,476217.675,120746.745,8229.897,8428.362,621842.964,484058.847,273497.889,4406663.1,985154.52
NA,C20H32O6(8),0,0,0,0,0,0,0,0,0,0,0,0,0,0,0,0,0,0
HMDB04083,4-(2-amino-3-hydroxyphenyl)-4-oxobutanoic acid O-glucoside,0,0,0,0,0,0,0,0,0,0,0,0,0,0,0,0,0,0
NA,C27H44O2(5),583021.737,28607.982,357561.192,87713.226,63647.235,9783.648,4965.714,57962.526,101846.301,108146.82,126195.723,101209.563,156717.291,12387.597,89841.135,14940.516,79858.584,41851.935
NA,C27H46O2(5),0,0,0,4461.72,0,0,0,0,0,0,0,0,0,0,0,0,0,0
NA,C27H44O3(5),369651.705,74419.53,166237.101,119684.805,83483.022,67033.653,124831.134,111844.782,104200.212,185793.777,122514.507,169135.506,161248.791,64921.698,99242.718,55206.618,107645.352,111572.52
NA,C27H42O4(3),1931496.045,106402.02,1085211.792,889813.752,699685.977,370255.932,936035.319,640967.508,669429.711,497375.64,605914.326,853976.619,1319016.885,688384.026,420746.4,337623.927,718221.822,901608.633
HMDB00655,5beta-cholestane-3alpha-7alpha-12alpha-25-tetrol/5beta-cholestane-3alpha-7alpha-12alpha-26-tetrol,408518.526,138267.759,236764.899,237621.594,164768.16,175594.8,117674.817,148461.273,346061.532,316135.422,266982.822,334983,243920.652,110882.355,273714.399,134545.551,179983.161,96263.745
HMDB04225,5-guanidino-2-oxopentanoic acid,2029900.992,1842255.348,2959437.315,3614538.33,4075871.928,3577102.026,1557600.519,2506706.616,1690709.211,1596938.178,3487577.799,2801065.146,3632325.486,2113786.176,2393678.607,2389541.784,1759392.123,4369409.844
HMDB06236,phenylacetaldehyde,934135.53,1060410.402,645997.704,1250567.694,799677.756,730474.638,809751.051,1273630.524,1097101.032,692597.112,785742.57,801949.755,1198773.663,805164.585,681765.231,1097676.825,1173890.67,991937.646
HMDB00187,L-serine,157667386,104264138.9,77471411.39,155563346.2,139575736.6,88683514.07,137448235.7,122284302.5,178755449.6,167402056.1,172799315.4,101762561.8,91607354.92,105012194.9,137602591.5,139477635.6,165294357.1,104604188.2
HMDB00574,L-cysteine,0,0,0,0,0,0,0,0,0,0,0,0,0,0,0,0,0,0
HMDB00192,Cystine,198388528.2,151880309.3,128958785.6,182355534.3,102620105.2,126979762.3,236466343.9,148115625.7,105098753.1,85223620.92,107643896.7,185180737,148216804.3,172116479,150931295.7,192789610.1,15391138.36,88757648
HMDB00092,NN-dimethylglycine,85407293.85,101873214.1,84123320.05,106167519.8,93705052.04,69612394.04,83280014.68,85344704.24,108876276.5,76476178.44,34450282.27,73460252.94,80302547.68,91934162.3,69200322.8,93823377.96,84142148.26,58584312.56
HMDB00168,L-asparagine,139058249.5,136155073.3,134880652.5,136856916.6,148503991,148509336,137873587.7,120402998.7,128062943,135439034.7,172254908.5,144668335.4,153813492.8,118207973.5,156098130.7,148529850,175398530.4,146269665.4
HMDB00742,L-homocysteine,11833133.99,5332868.496,4936965.735,9536879.391,5548138.437,5667932.799,3527699.277,9705311.964,3638722.296,5090937.435,4583991.972,6330853.362,4993214.433,4616508.231,8564525.55,3975852.45,10087823.16,3537670.119
HMDB00097,choline,3336017075,4503457305,3638382263,3601523325,2241395116,2003874559,3921777751,2402539444,3576729692,5624246092,2474990545,1925810627,2506539807,3218385340,4439261821,3672273569,4045841899,1979780962
HMDB00696,L-methionine,175223172.3,180574998.3,119650175,255594225.2,228153872.5,170472174.3,132841644,121329043,173808005,141587889.9,162133614.2,151830405.4,228484323.6,168055184.5,165788990.8,216622258.5,156576569.8,119227040.4
HMDB00177,L-histidine,753218649.4,433519304,562298728.8,409056187.6,602060752.3,508186968.5,464885882.6,366277407.3,613636179.7,645371319.3,550743032.6,537492242.5,526951816.4,443131311.4,566377068.9,448889549.8,718783051.6,470278452.6
HMDB00159,L-Phenylalanine,1524252132,1747246041,1556471649,1892334632,1535735363,1629722151,1944670168,1540874123,2262590031,1547488136,1776927966,2435810892,1690258227,1664874491,1857875127,2033662070,2391058521,1766564893
HMDB00030,Biotin,0,119502.747,735632.709,0,54951.114,1107214.605,808935.885,121554.489,520508.154,0,137911.446,1281048.39,166596.588,187589.589,0,0,50284.584,0
HMDB00939,S-Adenosyl-L-Homocysteine,29816.397,27090.18,38026.755,310147.89,14084.109,30396.834,62499.645,126836.505,44386.962,14827.41,25218.765,254177.937,62204.541,212913.798,23492.781,128160.903,88185.681,161502.522
HMDB01185,S-adenosyl-L-methionine,0,0,0,0,0,0,0,0,0,0,0,0,0,0,0,0,0,0
HMDB00244,Riboflavin,233928.897,320460.24,176979.465,835142.304,441254.601,168560.025,396653.643,365245.512,454178.946,351447.474,2789581.341,183656.628,147604.521,93398.706,307677.753,414981.384,371120.118,244859.577
HMDB00121,Folate,0,0,0,0,0,0,0,0,0,0,0,0,0,0,0,0,0,0
HMDB01423,Coenzyme A,0,0,0,0,0,0,0,0,0,0,0,0,0,0,0,0,0,0
HMDB00167,L-threonine,437664732.9,239022562.3,218910435.5,494550754.8,349712607.8,313521888.4,202035419.1,485170840,253692681.4,356962929.3,412190565,210960938.8,391727615,233436586.5,298178786,246799449.2,363186240.8,262290516.3
HMDB00043,glycine betaine,2955849054,2623764426,2851544095,3509833451,2705293889,2514497999,2030353214,2429376402,2930061100,2147208988,2335530058,2436857150,2616339533,2884713067,2029563591,2655354533,3031656143,1579644802
HMDB00641,L-glutamine,2798205777,1356613402,1989070049,1966659638,2112417179,2064323386,1200402630,1179916384,1705292673,1548280827,1899957581,1356249504,2004850670,1753993786,1549774610,1310529523,941390189.4,1400459271
HMDB00131,Glycerol,0,0,0,0,0,6608.511,0,0,8287.695,0,0,0,0,0,0,0,0,0
HMDB00158,L-tyrosine,419713696.3,364168062.5,301202519.8,545029642.3,376413528.4,344713784.8,294344467.8,403056772.5,495798539.4,259330106.5,329614343.7,369220316.7,500137580.8,339345563.8,302931055.3,431842202.6,482213403.6,388318737.5
HMDB00161,L-alanine,1107649509,762375677.8,866148606.5,821791023,757519876.2,449265267,704047136.6,872657566.5,845511805.2,702304254,449729760.8,458050860.3,928004282,697844725.6,995378356.6,547504436.8,855280041.5,647120691.6
HMDB00162,L-proline,2358144387,1970092544,2435313797,2454098897,2640794262,2183204960,2143502270,1530390829,3734564158,2766325234,2195451822,1869034976,2605055869,2065918476,2221149613,2626549436,3300774810,3800287845
HMDB00175,IMP,0,0,0,0,0,0,0,0,106848.24,0,0,0,12204.27,0,0,200172.129,0,0
HMDB00195,inosine,101718320.5,38864756.06,51619779.39,135483839.4,12918328.91,379479977.5,113076718.8,553525570.6,477287251.5,17504953.85,1112588728,6526249.83,77586343.07,142413726,456085050.8,196223600.6,1172496699,972697232.8
HMDB01206,acetyl-CoA,0,0,0,0,0,0,0,0,0,0,0,0,0,0,0,0,0,0
HMDB01275, Propanoyl-CoA ,0,0,0,0,0,0,0,0,0,0,0,0,0,0,0,0,0,0
HMDB02009, crotonoyl-CoA ,0,0,0,0,0,0,0,0,0,0,0,0,0,0,0,0,0,0
HMDB01243, isobutyryl-CoA,0,17860.284,0,0,0,0,0,0,0,0,0,0,0,0,0,0,0,0
HMDB01113, Isovaleryl-CoA ,0,0,0,0,0,0,0,0,0,0,0,0,0,0,0,0,0,0
HMDB01175, malonyl-CoA,0,0,0,0,0,0,0,0,0,0,0,0,0,0,0,0,0,0
HMDB01166, (S)-3-hydroxybutanoyl-CoA,0,0,0,0,0,0,0,0,0,0,0,0,0,0,0,0,0,0
HMDB01022, Succinyl-CoA ,16177.704,0,0,0,0,0,0,0,0,0,0,0,0,0,0,0,0,0
HMDB01375, Hydroxymethylglutaryl-CoA ,0,0,0,0,0,0,0,0,0,0,0,0,0,0,0,0,0,0
HMDB00099,Cystathionine,893578.134,483671.058,379379.085,1049315.88,343316.148,352986.789,2682472.953,509604.399,224366.994,166755.447,180562.572,1297640.664,500133.345,746358.357,153178.311,425112.747,273989.595,891499.599
HMDB00050, adenosine ,1342782.252,441120.987,1263602.85,1514084.448,191461.416,802706.853,244214.862,403117.281,2256509.985,263473.875,420478.047,242979.39,19574562.02,740174.394,480404.532,7677141.687,487779.738,216215.265
HMDB00014,2-deoxycytidine,16393.44,150564.531,80107.038,37613.082,0,1234259.736,3193.203,453434.928,21594.048,16070.643,709897.128,1069265.604,101744.13,405758.469,5949.45,4125.069,13394.409,672256.227
HMDB00034,adenine,3669097.959,3850700.526,4012715.298,3180453.894,2951160.096,3212166.894,4728346.674,3132810.156,3536437.041,2966593.173,2749187.031,4094498.805,4088047.191,3494604.897,3517033.917,3868466.49,3728897.412,2742568.107
HMDB00132,Guanine,1356053.202,9478765.659,1774148.892,844928.862,1299535.773,11467577.96,2325553.581,22045509.97,1096891.794,1406818.911,29380548.83,7082246.958,1170502.221,1097590.83,2861199.669,4309348.731,1598392.785,36243445.73
HMDB00630,cytosine,4974920.949,3809244.606,2857469.688,2696547.522,2750463.609,5378454.939,5899795.935,4294154.559,7846634.268,4363197.231,3245424.888,5000459.766,3381858.813,3645443.679,2252681.619,3269133.456,3884169.555,6267992.202
HMDB00262,thymine/imidazol-4-ylacetate,554815.899,909380.355,754740.435,699496.203,547252.716,757778.076,614811.594,551545.89,1089653.421,1944283.635,2126740.938,1288132.104,557371.797,993296.979,372888.321,880487.637,1979327.775,1896386.949
HMDB00062,(R)-carnitine,5064575388,3560399973,3397752368,3233264006,3684728123,3343270972,1880387083,3948983643,2885075985,3717941844,2939406361,3944648979,2911534356,2682683125,4267374515,3370397505,3378506201,2566125246
HMDB00201,O-acetylcarnitine,1689232975,1678462629,1389835313,1352640573,965275005.8,811662201.5,1241020254,1655026692,1038855988,1148231550,416457078.9,1688881165,1039821925,1605936030,1908696140,1289301130,879827144.4,701234448.4
HMDB00824,propionyl-carnitine,39205687.26,26062412.47,32347187.68,78169480.76,39836481.86,55610189.17,38277106.66,37913086.67,38670000.06,40484541.45,18592850.54,65288750.81,56100609.52,31959879.33,35995888.17,109092026.4,34267137.72,13376685.61
HMDB02013,Butyryl Carnitine,140137242.5,91995871.88,71059022.17,198800470.5,55159123.86,81808665.82,97978707.43,114633137.2,58542579.55,66603445.46,21183828.26,290259374,52295899.26,197508703.9,111353041.1,158492312.5,94147045.88,101451037.8
HMDB13127,3-Hydroxybutyrylcarnitine,6079513.143,11010974.63,8023865.676,9846163.449,3900103.743,2273935.482,13616970.47,9125904.156,6416162.955,8503582.974,1174498.824,19947843.35,4342112.772,16042426.86,20061610.14,7348082.328,3519662.217,1907884.752
NA,Succinyl Carnitine,2621464.875,6078750.669,5298013.74,4932017.991,4140753.543,3286182.888,5839187.757,6138337.056,2800061.796,3516317.904,2739606.003,11698114.16,2853581.544,7790030.763,4630288.032,5928078.363,8919721.428,7353060.753
HMDB02366,tiglyl carnitine,10062936.99,6898832.943,4145106.072,5447555.253,4372770.72,5461495.959,9748930.29,5020676.265,4254592.551,5537427.435,1745233.506,13434433.25,6486506.415,15151924.03,3409381.683,5946282.6,4766957.244,3619285.671
NA,3-hydroxy-isovaleryl carnitine,2814457.5,4129318.59,7023712.077,3809792.331,4099024.617,3982395.579,6934568.055,3823597.521,2561837.49,5776610.982,3733114.284,10596992.46,4291938.927,4631395.173,2265122.943,2559532.941,4438022.322,2473180.341
HMDB13130,Glutaryl Carnitine,3942228.078,6657752.784,6050906.55,5839676.571,6020495.043,2353722.603,6969967.212,6978572.463,3701384.97,5847990.723,4581032.778,17328044.09,3988008.447,13958671.86,6476804.55,6217191.093,4983305.865,17652182.15
NA,octenoyl carnitine,109820392.7,98105994.35,42056732.35,79189626.13,21698936.87,46146676.62,99482784.71,50087225.03,87789897.98,81039999.07,10757398.63,128989457.7,43858852.05,149745770.3,59434580.84,64778602.57,87784985.82,17436930.53
HMDB00791,octanoyl carnitine/L-Octanoylcarnitine,12417116.21,35018280.19,18898474.39,20910236.36,20009928.44,8010143.694,16590344.46,26115837.59,11054567.17,14248814.89,3673427.613,24537996.56,10753676.72,76786910.72,32532950.59,15329255.97,13897729.35,5824140.276
NA,decenoyl carnitine,19536650.93,39686156.65,28115961.07,22337530.37,15138673.07,11341865.13,20192926.65,30506938.42,17156921.03,15101653.81,5853396.384,46196718.95,12493574.83,85927555.32,19198191.19,16461577.58,20132537.34,6564202.278
HMDB06210,decanoyl carnitine,11490078.66,38620455.59,20968911.17,18550743.53,15565973.99,6893672.679,15468452.43,25339637.17,11051963.12,13941488.3,3991662.627,24456848.71,12149754.96,79321571.06,27925365.14,18625889.14,10762458.97,6037461.273
HMDB13329,tetradecenoyl carnitine,594089.55,2600644.902,2266386.105,1000287.471,132853.722,286033.764,857585.151,1303384.341,481259.424,1266011.658,379826.307,474789.051,626408.838,1799908.359,424694.226,144495.63,708585.558,269998.551
NA,pendtadenoyl carnitine,647153.559,712218.069,329898.402,583635.717,139411.116,407895.081,262036.659,593297.253,336894.078,810521.061,129432.51,391165.71,668865.702,460982.355,338676.192,502577.076,327251.91,62784.654
HMDB00222,L-palmitoylcarnitine,17670263.04,22287250.51,10593563.13,14544145.03,5007286.866,7988941.935,11100302.09,11585135.94,9332156.538,22142262.17,7416752.754,6497300.124,9937362.228,15300438.4,10889438.24,12462926.7,9335632.068,7769515.047
HMDB13333,3-hydroxyhexadecenoylcarnitine,220838.178,253064.475,199874.262,182166.651,114176.34,145952.409,189231.702,82133.445,29780.649,63693.666,115361.631,166527.156,82271.259,214091.712,126327.798,47114.388,1283387.343,132949.758
HMDB13336,3-hydroxyhexadecanoylcarnitine,204792.483,468085.008,352333.134,304204.914,55732.833,28800.357,288191.274,294171.585,124846.908,327880.815,21351.681,218634.969,431050.917,408397.233,411307.146,244037.676,88692.063,65631.408
HMDB06210,heptadecanoyl carnitine,407752.335,620603.541,259193.388,429087.93,139067.37,256309.791,224793.036,397899.99,265992.543,413804.877,94826.055,140674.308,371037.198,325865.022,351874.347,335877.081,325331.982,189140.502
HMDB00848,stearoylcarnitine,2617918.716,3674376.897,1555998.252,2735076.249,846655.956,1105647.681,896095.563,848492.13,1437984.081,1843678.449,755819.079,668820.525,1376847.669,2056598.316,2394491.004,1502331.279,1166453.019,1010183.019
HMDB60158,Tetracosatetraenoyl carnitine,0,0,0,0,0,0,0,0,0,0,0,0,0,0,0,0,0,0
HMDB05066,tetradecanoyl carnitine(myristoyl carnitine),3890579.763,6608203.779,3355801.575,3712833.498,1266910.704,2174532.384,3368690.565,4362086.319,2180133.432,13427138.32,1035750.831,3538885.44,2994530.541,5225348.667,3689045.868,4544776.2,2392698.018,2064705.552
HMDB06317,trans-Hexadec-2-enoyl carnitine,3571989.264,6833976.519,3824718.126,4065660.78,1647772.347,1945451.967,5523060.729,5536532.571,2765104.173,13530008.08,1471114.578,3934276.35,2603994.669,6274137.252,3757765.062,3422880.849,3100169.961,1899933.369
HMDB06319,alpha-linolenyl carnitine/gamma-linolenyl carnitine,1664405.718,1518704.913,904384.83,1238644.695,261750.177,715994.103,508098.555,585236.856,504165.843,2341743.654,624435.144,613863.372,642622.407,1765607.445,439622.175,826807.485,1235758.65,386832.453
HMDB06469,Linoleyl carnitine/Linoelaidyl carnitine,20774724.56,21525675.38,8112231.309,14211206.4,3601697.661,7562032.185,6054508.056,6282607.26,5819701.599,15239721.66,6354043.905,4841165.283,5680521.858,19953471.75,5728742.448,13916492.72,16870977.56,2386422.9
HMDB06464,Elaidic carnitine/Vaccenyl carnitine,19935331.7,33627702.48,13324709.3,19523771.25,6399023.646,9181237.485,16536771.37,14385346.64,11097158.35,23748713.38,8452134.564,9560134.275,11612125.9,22660656.29,10663063.96,21417810.79,19414718.61,5537398.608
HMDB02250,lauroyl carnitine,3725970.243,14009031.84,7868691.132,6073399.251,3253097.19,2368505.766,5449464.117,9699343.218,2967132.588,9580616.034,1296698.313,13024698.99,3201348.672,18662068.26,6931024.449,8840540.199,3342424.413,2549873.706
HMDB60253,1-methylpyrrolinium,16121060.96,15889722.48,13657584.74,14385897.52,14456460.58,14976133.82,14821846.81,13959347.69,12611742.52,10807048.82,11841666.61,15228635.99,14821425.23,15022373.47,15938902.5,13900513.26,12151158.37,12275842.09
HMDB00123,glycine,154932619,91563190.84,77167288.19,76352252.32,116219009.8,74593290.86,116977623.1,121692210.4,163655819,149499934.9,122787727.3,54047934.16,71841999.64,79407289.97,165519246.6,80676354.43,159459837.4,91770145.13
HMDB00271,sarcosine,1240540905,840575385.6,960393662.1,904911118,848727458.3,504164589.7,773617090.2,945173884.9,929940832.2,788436365,502134552.9,514286932.2,1031526417,786363197.1,1101145298,592206528.9,951114244.4,713666142.1
HMDB00925,Trimethylamine N-oxide,56028584.05,106772672.9,156834253.1,370298724.5,68378596.13,185354600.7,570679443.1,59991567.4,248148949.3,37230042.16,115720287.8,124605368.5,392769325.2,459771522.8,102502242.7,275037894.1,236664190.5,99808574.49
HMDB02005,Methionine sulfoxide,6319693.02,4613861.127,4456887.504,8811836.484,4628146.611,5530009.719,4862235.957,4779337.422,4793035.698,4962398.187,3578096.772,3430908.543,7129136.466,3793852.506,4192867.584,5967279.987,23189683.37,5047554.246